async_dropped_frames,async_frame_age_ms,async_reused_frame,async_sequence,async_wait_ms,async_worker_ok,color_height,color_width,depth_contact_ms,depth_height,depth_width,display_ms,draw_scene_ms,frame_index,hand_tracking_ms,hands,hit_detector_ms,hits,input_fps,loop_fps_instant,loop_total_ms,record3d_callback_interval_ms,record3d_confidence_convert_ms,record3d_depth_normalize_ms,record3d_get_confidence_ms,record3d_get_depth_ms,record3d_get_intrinsics_ms,record3d_get_rgb_ms,record3d_orient_ms,record3d_read_total_ms,record3d_rgb_convert_ms,record3d_wait_ms,zones_ms
1.0,25.685400003567338,0.0,48.0,0.013299984857439995,1.0,640,480,0.001200009137392044,640,480,2.7723999228328466,8.15769995097071,0,39.5023999735713,1,0.650599948130548,0,23.049657105649793,19.45983392185243,51.38790002092719,29.32079997844994,0.000500003807246685,1.4839000068604946,0.005700043402612209,0.13509998098015785,0.000700005330145359,0.10979990474879742,0.0018998980522155762,31.80859994608909,0.13950001448392868,29.91949999704957,0.08679996244609356
1.0,4.250400001183152,0.0,50.0,0.005399924702942371,1.0,640,480,0.000700005330145359,640,480,2.270100056193769,5.923199933022261,1,29.901500092819333,1,0.2899999963119626,0,22.554218704666212,25.89083909912745,38.62369991838932,36.14909993484616,0.001300009898841381,2.2833000402897596,0.004400033503770828,0.12479990255087614,0.000900006853044033,0.1034000888466835,0.0034999102354049683,36.78830002900213,0.14509994070976973,34.10510008689016,0.0730000901967287
0.0,9.318700060248375,0.0,51.0,0.00700005330145359,1.0,640,480,0.000800006091594696,640,480,4.6230999287217855,8.369699935428798,2,36.94200003519654,1,0.36429997999221087,0,22.725571536798924,19.74376541959023,50.64889998175204,36.00600000936538,0.001300009898841381,3.004700061865151,0.010199961252510548,0.17190002836287022,0.001100008375942707,0.14210003428161144,0.003400025889277458,33.616899978369474,0.16039994079619646,30.103800003416836,0.16519997734576464
0.0,25.275600026361644,0.0,52.0,0.01079996582120657,1.0,640,480,0.001400010660290718,640,480,4.901999956928194,14.165199943818152,3,31.12830000463873,1,0.6165999220684171,0,22.870151319849253,19.52404287702477,51.21890001464635,32.77940000407398,0.00100000761449337,1.8086000345647335,0.008699949830770493,0.18089998047798872,0.00100000761449337,0.14490005560219288,0.0030999071896076202,34.803600050508976,0.1813999842852354,32.458400004543364,0.09979994501918554
0.0,47.47769993264228,0.0,53.0,0.013299984857439995,1.0,640,480,0.000700005330145359,640,480,3.4818999702110887,6.522499956190586,4,42.66979999374598,1,0.37729996256530285,0,23.0958397176552,18.73711823837011,53.36999997962266,35.96190002281219,0.000400003045797348,1.435499987564981,0.008800067007541656,0.15119998715817928,0.000800006091594696,0.11349993292242289,0.001900014467537403,29.17839994188398,0.1346999779343605,27.322000009007752,0.14389993157237768
2.0,0.4395999712869525,0.0,56.0,0.0071999384090304375,1.0,640,480,0.000500003807246685,640,480,4.6672000316902995,7.616100017912686,5,54.071999969892204,1,0.3381000133231282,0,22.255575911641444,14.940112558482399,66.93390000145882,28.035299968905747,0.0012998934835195541,1.9573000026866794,0.004700035788118839,0.13289996422827244,0.000700005330145359,0.09320001117885113,0.002400018274784088,23.57520000077784,0.16609998419880867,21.202399977482855,0.08810008876025677
1.0,0.1588999293744564,0.0,58.0,0.005199923180043697,1.0,640,480,0.000900006853044033,640,480,5.196599988266826,6.731700035743415,6,34.837599960155785,1,0.4808000521734357,1,21.951934287614687,21.04753587870776,47.51149995718151,31.462699989788234,0.000500003807246685,1.3550999574363232,0.005800044164061546,0.130099942907691,0.000800006091594696,0.11560006532818079,0.00200001522898674,36.56000003684312,0.12410001363605261,34.814100014045835,0.07030006963759661
0.0,14.298700029030442,0.0,59.0,0.008499948307871819,1.0,640,480,0.000600004568696022,640,480,2.2981000365689397,5.84919995162636,7,28.87050004210323,1,0.2863999688997865,0,22.110380877307612,26.65493850371832,37.516499985940754,36.483800038695335,0.0010998919606208801,1.6066000098362565,0.005900044925510883,0.15239999629557133,0.000900006853044033,0.11479994282126427,0.002600019797682762,33.46780000720173,0.1495999749749899,31.415599980391562,0.07129996083676815
0.0,20.66079992800951,0.0,60.0,0.008499948307871819,1.0,640,480,0.000500003807246685,640,480,2.214799984358251,5.645400029607117,8,24.638599948957562,1,0.2272999845445156,0,22.291762089883253,30.36172961578893,32.93620003387332,33.13719993457198,0.00100000761449337,1.957500004209578,0.0100000761449337,0.16729999333620071,0.0009998911991715431,0.1327999634668231,0.002800021320581436,31.225499929860234,0.14080002438277006,28.795799938961864,0.07050007116049528
0.0,22.239700076170266,0.0,61.0,0.00900006853044033,1.0,640,480,0.000400003045797348,640,480,3.431099932640791,5.689700017683208,9,24.730499950237572,1,0.28659997042268515,0,22.463890160395778,29.106404262109997,34.35670002363622,30.864100088365376,0.0006998889148235321,1.4553000219166279,0.006500049494206905,0.1338999718427658,0.000800006091594696,0.10459998156875372,0.002100015990436077,31.438800040632486,0.12129999231547117,29.600600013509393,0.07059995550662279
0.0,22.531399969011545,0.0,62.0,0.008599949069321156,1.0,640,480,0.001100008375942707,640,480,4.676999989897013,10.631000041030347,10,25.888700038194656,1,0.4224000731483102,0,22.59525992020642,23.861052372922643,41.909299907274544,32.07029995974153,0.000500003807246685,1.5239999629557133,0.0074999406933784485,0.15380000695586205,0.000600004568696022,0.10079995263367891,0.001900014467537403,34.150400082580745,0.14670006930828094,32.203300041146576,0.07229996845126152
0.0,33.44979998655617,0.0,63.0,0.014399993233382702,1.0,640,480,0.00100000761449337,640,480,4.284300026483834,6.83610001578927,11,53.98540000896901,1,0.5221000174060464,0,22.759322494768234,15.150160837289837,66.00589992012829,34.03600002638996,0.000600004568696022,1.1950000189244747,0.006800051778554916,0.12869993224740028,0.000600004568696022,0.10110007133334875,0.001700012944638729,31.16399992723018,0.1490999711677432,29.56990001257509,0.16910000704228878
1.0,32.34310005791485,0.0,65.0,0.01209997572004795,1.0,640,480,0.000800006091594696,640,480,3.797499928623438,6.0801999643445015,12,38.22690004017204,1,0.2980999415740371,0,22.475321695439334,20.545440371188853,48.672599950805306,38.73379994183779,0.000800006091594696,1.613900065422058,0.00600004568696022,0.15989993698894978,0.000800006091594696,0.10720000136643648,0.002199900336563587,26.41869999933988,0.11079991236329079,24.404500029049814,0.10699999984353781
1.0,13.217900064773858,0.0,67.0,0.012100092135369778,1.0,640,480,0.000800006091594696,640,480,2.971000038087368,8.983699954114854,13,14.741899911314249,1,0.435899943113327,0,22.203141289773068,36.42217676138373,27.45579998008907,38.04780007340014,0.000500003807246685,1.433099969290197,0.005400041118264198,0.13810000382363796,0.00100000761449337,0.09929994121193886,0.002300017513334751,28.66299997549504,0.13179995585232973,26.839499943889678,0.11340004857629538
0.0,2.7914000675082207,0.0,68.0,0.010800082236528397,1.0,640,480,0.000500003807246685,640,480,3.3008999889716506,5.894199945032597,14,28.000100050121546,1,0.22709998302161694,0,22.282049525050976,26.529350788518997,37.694099941290915,30.090600019320846,0.001200009137392044,1.6838000155985355,0.0069999368861317635,0.13830000534653664,0.000900006853044033,0.09660003706812859,0.0031999079510569572,38.01250003743917,0.11380005162209272,35.95150006003678,0.12179999612271786
0.0,11.007499997504056,0.0,69.0,0.009200070053339005,1.0,640,480,0.000800006091594696,640,480,2.2528000408783555,6.256100023165345,15,25.318700005300343,1,0.32079999800771475,0,22.452171261293987,29.059292497389023,34.41240009851754,37.78809995856136,0.00100000761449337,1.3911999994888902,0.008199946023523808,0.13239996042102575,0.000500003807246685,0.089599983766675,0.002500019036233425,29.550400096923113,0.15480001457035542,27.758700074627995,0.0782000133767724
0.0,12.284099939279258,0.0,70.0,0.008399947546422482,1.0,640,480,0.000700005330145359,640,480,2.579100080765784,6.286400021053851,16,25.349700008518994,1,0.3112000413239002,0,22.576881027580615,28.773417945378487,34.75430002436042,29.839999973773956,0.000600004568696022,1.3092999579384923,0.005899928510189056,0.14020001981407404,0.000600004568696022,0.09560002945363522,0.00200001522898674,33.20490010082722,0.14380004722625017,31.49600001052022,0.07030006963759661
0.0,14.707399997860193,0.0,71.0,0.008200062438845634,1.0,640,480,0.000900006853044033,640,480,2.1955999545753,7.558500044979155,17,49.49330003000796,1,0.4257999826222658,0,22.706134501012702,16.68401803251922,59.937600046396255,33.30670006107539,0.000400003045797348,1.3291999930515885,0.0068999361246824265,0.12670003343373537,0.000700005330145359,0.09769992902874947,0.002300017513334751,32.43040002416819,0.1569000305607915,30.699099996127188,0.06859994027763605
1.0,8.31019994802773,0.0,73.0,0.0075999414548277855,1.0,640,480,0.000500003807246685,640,480,2.1645999513566494,5.6522999657318,18,31.016599969007075,1,0.21540001034736633,0,22.468212744366895,25.47076338697846,39.2606999957934,34.35250010807067,0.00100000761449337,3.7675999337807298,0.005599926225841045,0.16050005797296762,0.000700005330145359,0.11009990703314543,0.003100023604929447,31.67240007314831,0.11540006380528212,27.494900044985116,0.06900005973875523
0.0,13.98920000065118,0.0,74.0,0.00879995059221983,1.0,640,480,0.00100000761449337,640,480,3.013900015503168,7.936299894936383,19,11.104200035333633,1,0.45689998660236597,0,22.580311138619496,43.90875768373968,22.774499957449734,29.650799930095673,0.000600004568696022,1.2605999363586307,0.007500057108700275,0.13069994747638702,0.000900006853044033,0.12290000449866056,0.002100015990436077,33.6588000645861,0.12310000602155924,31.998599995858967,0.06909994408488274
0.0,0.19619998056441545,0.0,75.0,0.0077999429777264595,1.0,640,480,0.000800006091594696,640,480,2.7000000700354576,6.622299901209772,20,25.63490008469671,1,0.38400001358240843,0,22.658022600359388,28.067733111846408,35.62809992581606,36.194900050759315,0.000900006853044033,1.859899959526956,0.004900037311017513,0.09769992902874947,0.000800006091594696,0.08889997843652964,0.002400018274784088,36.68170003220439,0.0914999982342124,34.52340001240373,0.09989994578063488
0.0,4.083900013938546,0.0,76.0,0.010499963536858559,1.0,640,480,0.001300009898841381,640,480,2.2707999451085925,7.356700021773577,21,29.55079998355359,1,0.43890008237212896,0,22.78199723696561,24.89116340540634,40.17489997204393,36.18079994339496,0.000600004568696022,1.3273999793455005,0.004800036549568176,0.14649995137006044,0.000700005330145359,0.12260000221431255,0.001999898813664913,31.86929994262755,0.12670003343373537,30.12689994648099,0.10870001278817654
0.0,9.870000067166984,0.0,77.0,0.007300055585801601,1.0,640,480,0.000900006853044033,640,480,2.363900071941316,6.046499940566719,22,25.89970000553876,1,0.3960999893024564,0,22.87639824841251,28.60019219542091,34.96479999739677,32.274299999699,0.001600012183189392,3.039599978365004,0.005100038833916187,0.1495999749749899,0.001200009137392044,0.12310000602155924,0.0039000296965241432,34.4654000364244,0.16519997734576464,30.961500015109777,0.06830005440860987
0.0,14.36570007354021,0.0,78.0,0.00700005330145359,1.0,640,480,0.000900006853044033,640,480,2.353799995034933,6.679899990558624,23,50.73730007279664,1,0.4536999622359872,0,23.00699117349703,16.529116861418924,60.499300016090274,32.76690002530813,0.000400003045797348,1.3201000401750207,0.006200047209858894,0.13649999164044857,0.000700005330145359,0.08509994950145483,0.0017998972907662392,30.67499992903322,0.1509999856352806,28.826599940657616,0.06909994408488274
1.0,1.5335000352934003,0.0,80.0,0.00500003807246685,1.0,640,480,0.000400003045797348,640,480,2.210400067269802,6.310900091193616,24,31.44110005814582,1,0.37489994429051876,0,22.717073946443055,24.629146574190656,40.60230008326471,33.382499939762056,0.000800006091594696,1.235299976542592,0.01409999094903469,0.09719992522150278,0.000600004568696022,0.07830001413822174,0.001500011421740055,39.655899978242815,0.16880000475794077,38.04949996992946,0.06900005973875523
0.0,14.242999954149127,0.0,81.0,0.008399947546422482,1.0,640,480,0.001200009137392044,640,480,2.933099982328713,9.842499974183738,25,11.106599937193096,1,0.5299999611452222,0,22.868417164550706,40.47616157160661,24.70589999575168,40.170000051148236,0.000600004568696022,1.5949999215081334,0.006300047971308231,0.11399993672966957,0.000800006091594696,0.11960009578615427,0.002100015990436077,27.983500040136278,0.13639999087899923,25.998200057074428,0.07040007039904594
0.0,1.824100036174059,0.0,82.0,0.006500049494206905,1.0,640,480,0.001100008375942707,640,480,3.0282000079751015,8.15180002246052,26,33.105700043961406,1,0.5117000546306372,0,22.92927179444231,22.12174037697417,45.204399968497455,27.59909990709275,0.000500003807246685,2.629700000397861,0.007300055585801601,0.170299899764359,0.001100008375942707,0.12030010111629963,0.001900014467537403,37.21540002152324,0.17589994240552187,34.096900024451315,0.07059995550662279
0.0,11.359299998730421,0.0,83.0,0.008200062438845634,1.0,640,480,0.000700005330145359,640,480,2.5264000287279487,7.381699979305267,27,33.858199953101575,1,0.3896999405696988,0,23.001762257098907,22.51293929113516,44.41890004090965,36.06720000971109,0.001500011421740055,4.408899927511811,0.007100054062902927,0.3909999504685402,0.000600004568696022,0.09109999518841505,0.002900022082030773,35.76749993953854,0.12290000449866056,30.729599995538592,0.07890001870691776
0.0,19.54520004801452,0.0,84.0,0.010500079952180386,1.0,640,480,0.0028999056667089462,640,480,3.5513999173417687,6.682600011117756,28,27.32079999987036,1,0.3872000379487872,0,23.066800300063274,26.16184772371141,38.22359989862889,33.91130000818521,0.0009998911991715431,2.82110006082803,0.009699957445263863,0.18720002844929695,0.00100000761449337,0.16529997810721397,0.00300002284348011,36.347400047816336,0.19239995162934065,32.950000022538006,0.0879999715834856
1.0,0.6960999453440309,0.0,86.0,0.005100038833916187,1.0,640,480,0.000500003807246685,640,480,2.6058999355882406,6.00029993802309,29,53.46970004029572,1,0.23889995645731688,0,22.94282123890741,15.991607600001059,62.53280001692474,27.016700012609363,0.000700005330145359,2.139299991540611,0.004900037311017513,0.09430001955479383,0.000700005330145359,0.15259999781847,0.001800013706088066,31.499599921517074,0.058699981309473515,29.03639990836382,0.07209996692836285
0.0,31.65569994598627,0.0,87.0,0.008899951353669167,1.0,640,480,0.000500003807246685,640,480,2.1458000410348177,5.515499971807003,30,10.742200072854757,1,0.2161999000236392,0,23.04769859465399,53.10618061360375,18.830199958756566,31.163700041361153,0.000700005330145359,1.2792999623343349,0.007999944500625134,0.13970001600682735,0.000700005330145359,0.09980006143450737,0.002700020559132099,31.673100078478456,0.10770000517368317,30.022900085896254,0.07509998977184296
0.0,16.32579998113215,0.0,88.0,0.008399947546422482,1.0,640,480,0.000800006091594696,640,480,3.1590000726282597,7.001499994657934,31,25.773600093089044,1,0.34570007119327784,0,23.127471037313448,27.388330912848573,36.511900019831955,32.4724999954924,0.000500003807246685,1.3911999994888902,0.00600004568696022,0.12689991854131222,0.000600004568696022,0.11310004629194736,0.002100015990436077,34.24459998495877,0.09619991760700941,32.49709994997829,0.07170008029788733
0.0,17.873500008136034,0.0,89.0,0.012299977242946625,1.0,640,480,0.000900006853044033,640,480,4.125999985262752,9.796899976208806,32,34.13639997597784,1,0.4732999950647354,0,23.197744759916,20.475858942960034,48.83800004608929,34.185800002887845,0.000700005330145359,1.6284999437630177,0.00609993003308773,0.13210007455199957,0.000800006091594696,0.116499955765903,0.002300017513334751,35.107300034724176,0.14100002590566874,33.06799998972565,0.1047999830916524
0.0,27.59479999076575,0.0,90.0,0.016900012269616127,1.0,640,480,0.000800006091594696,640,480,2.1898000268265605,6.9407999981194735,33,30.013199895620346,1,0.27740001678466797,0,23.229726173256747,25.14420197524695,39.77060003671795,34.77509994991124,0.001900014467537403,2.8336000395938754,0.006299931555986404,0.1385000068694353,0.000800006091594696,0.10830000974237919,0.004799920134246349,39.35990005265921,0.1230000052601099,36.126599996350706,0.1645000884309411
1.0,6.691600079648197,0.0,92.0,0.0078000593930482864,1.0,640,480,0.000800006091594696,640,480,2.23129999358207,7.714000064879656,34,25.127599947154522,1,0.44540001545101404,0,23.081271066829245,27.955059377714207,35.77170008793473,32.14899997692555,0.000800006091594696,1.9542999798431993,0.005500041879713535,0.15789992175996304,0.000800006091594696,0.10519998613744974,0.002199900336563587,28.67319993674755,0.12860004790127277,26.306899962946773,0.07199996616691351
0.0,3.7105000810697675,0.0,93.0,0.006100046448409557,1.0,640,480,0.000500003807246685,640,480,2.288200077600777,6.194400019012392,35,47.65279998537153,1,0.21520000882446766,0,23.118000069464745,17.676276657195967,56.573000038042665,29.30930000729859,0.000600004568696022,1.608500024303794,0.009200070053339005,0.1700000138953328,0.0010998919606208801,0.14549994375556707,0.002300017513334751,38.83780003525317,0.1919000642374158,36.694300011731684,0.07589999586343765
1.0,1.6796001000329852,0.0,95.0,0.00500003807246685,1.0,640,480,0.000500003807246685,640,480,2.2535999305546284,6.194900022819638,36,31.06770000886172,1,0.2191999228671193,0,22.99357538603753,24.900956465485756,40.15909996815026,26.488699950277805,0.000600004568696022,1.406499999575317,0.004600035026669502,0.1020999625325203,0.000600004568696022,0.08919998072087765,0.0018998980522155762,32.38769993185997,0.202300027012825,30.569099937565625,0.07019995246082544
0.0,6.883000023663044,0.0,96.0,0.0077999429777264595,1.0,640,480,0.000700005330145359,640,480,2.7239000191912055,6.855399929918349,37,17.54329993855208,1,0.31999999191612005,0,23.060304037296152,36.115164020620746,27.689200011081994,32.578399986959994,0.000800006091594696,1.5515000559389591,0.005600042641162872,0.10869989637285471,0.000500003807246685,0.10110007133334875,0.002299901098012924,35.046600038185716,0.1962999813258648,33.06940000038594,0.07030006963759661
0.0,1.8576000584289432,0.0,97.0,0.017600017599761486,1.0,640,480,0.000700005330145359,640,480,2.7840000111609697,7.0723999524489045,38,19.01619997806847,1,0.3034999826923013,0,23.142896563442555,33.97119916414553,29.43670004606247,34.198000095784664,0.0008998904377222061,1.8103000475093722,0.005800044164061546,0.11429993901401758,0.000700005330145359,0.0882000895217061,0.002200016751885414,32.8266000142321,0.11589995119720697,30.677500064484775,0.08789997082203627
0.0,0.0442001037299633,0.0,98.0,1.673900056630373,1.0,640,480,0.0009998911991715431,640,480,3.7773000076413155,8.533300017006695,39,20.471600000746548,1,0.48670009709894657,0,23.222258689811802,28.359220536761597,35.26190004777163,33.328099991194904,0.000700005330145359,1.5687000704929233,0.02729997504502535,0.09659992065280676,0.000600004568696022,0.1026000827550888,0.0017998972907662392,33.00709999166429,0.2582999877631664,30.939899967052042,0.0817000400274992
0.0,0.1406000228598714,0.0,99.0,2.5457999436184764,1.0,640,480,0.000500003807246685,640,480,2.3868000134825706,7.208799943327904,40,22.69810007419437,1,0.37779996637254953,0,23.27519190380629,28.155531145241635,35.51700001116842,33.133799908682704,0.0012998934835195541,1.8038999987766147,0.009999959729611874,0.14160003047436476,0.00100000761449337,0.11719996109604836,0.002800021320581436,36.19230003096163,0.14220003504306078,33.96120003890246,0.12839992996305227
0.0,2.0185000030323863,0.0,100.0,0.006500049494206905,1.0,640,480,0.000600004568696022,640,480,3.914100001566112,7.500899955630302,41,18.822000012733042,1,0.29779993928968906,0,23.365204898220945,32.47860473392464,30.789499985985458,36.00140009075403,0.000500003807246685,1.615899964235723,0.005299923941493034,0.13910001143813133,0.000900006853044033,0.09760004468262196,0.001800013706088066,31.183100072667003,0.16000005416572094,29.150799964554608,0.07149996235966682
0.0,0.10920001659542322,0.0,101.0,3.6232999991625547,1.0,640,480,0.000700005330145359,640,480,2.8710999758914113,8.375799981877208,42,19.991899956949055,1,0.2677000593394041,0,23.413115909898124,28.200789680651695,35.459999926388264,31.438499921932817,0.001700012944638729,2.0531999180093408,0.006500049494206905,0.1265000319108367,0.000600004568696022,0.09220000356435776,0.003500026650726795,36.48109990172088,0.07650000043213367,34.10679998341948,0.15059998258948326
0.0,1.2247000122442842,0.0,102.0,0.005200039595365524,1.0,640,480,0.001700012944638729,640,480,2.824899973347783,10.203399928286672,43,18.812799942679703,1,0.7071000291034579,0,23.50266834144248,30.442883003657908,32.84840006381273,36.18130006361753,0.000900006853044033,1.9120000069960952,0.005399924702942371,0.10730000212788582,0.000800006091594696,0.09200000204145908,0.002500019036233425,30.794600024819374,0.1599000534042716,28.5015000263229,0.07020006887614727
0.0,0.08859997615218163,0.0,103.0,1.613799948245287,1.0,640,480,0.001400010660290718,640,480,3.643999923951924,8.848799974657595,44,19.104900071397424,1,0.7556000491604209,0,23.553859097129443,29.156644136487518,34.29749992210418,30.876799952238798,0.000700005330145359,1.4890000456944108,0.009699957445263863,0.17989997286349535,0.00100000761449337,0.1957999775186181,0.002100015990436077,35.69060005247593,0.19249995239078999,33.60550000797957,0.07860001642256975
0.0,0.0868999632075429,0.0,104.0,5.3854999132454395,1.0,640,480,0.0015998957678675652,640,480,5.55310002528131,14.51100001577288,45,22.8108000010252,1,0.6657000631093979,0,23.585480463433203,20.299498798249886,49.26230001728982,35.8314000768587,0.000600004568696022,2.5357999838888645,0.006400048732757568,0.12700003571808338,0.000900006853044033,0.11760008055716753,0.002300017513334751,38.167100050486624,0.09709992446005344,35.26849998161197,0.07609999738633633
0.0,9.05270001385361,0.0,105.0,0.02029992174357176,1.0,640,480,0.00100000761449337,640,480,4.083900013938546,8.342599961906672,46,35.30069999396801,1,0.5294999573379755,0,23.638037695780294,20.515850537848014,48.742800019681454,37.47559990733862,0.002200016751885414,3.6748999264091253,0.016799895092844963,0.3389000194147229,0.001600012183189392,0.27570000384002924,0.005100038833916187,35.215500043705106,0.32920006196945906,30.544100096449256,0.21319999359548092
0.0,22.898799972608685,0.0,106.0,0.00879995059221983,1.0,640,480,0.001100008375942707,640,480,4.228999954648316,8.070999989286065,47,18.15550005994737,1,0.493300030939281,0,23.69116541344362,32.032698989452385,31.218099989928305,33.206599997356534,0.000700005330145359,2.723699901252985,0.012899981811642647,0.2457000082358718,0.001400010660290718,0.2109999768435955,0.002100015990436077,34.96600000653416,0.2718000905588269,31.476299976930022,0.07340009324252605
0.0,30.854799901135266,0.0,107.0,0.008599949069321156,1.0,640,480,0.00100000761449337,640,480,3.5043000243604183,6.672599934972823,48,18.88170000165701,1,0.60889997985214,0,23.82740454489902,33.38396564703927,29.954500030726194,36.33340005762875,0.000700005330145359,1.380200032144785,0.008599949069321156,0.14759995974600315,0.000900006853044033,0.11809996794909239,0.00200001522898674,23.37209996767342,0.10890001431107521,21.59440005198121,0.08720008190721273
0.0,27.276000007987022,0.0,108.0,0.011899974197149277,1.0,640,480,0.001300009898841381,640,480,4.973200033418834,7.148800068534911,49,20.024799974635243,1,0.6901000160723925,0,23.887184516294354,30.128740111717796,33.19089999422431,25.172899942845106,0.000600004568696022,1.7185000469908118,0.005300040356814861,0.13099994976073503,0.00100000761449337,0.10560010559856892,0.003200024366378784,33.66049996111542,0.08340005297213793,31.60240000579506,0.0849999487400055
0.0,29.42159993108362,0.0,109.0,0.011899974197149277,1.0,640,480,0.000700005330145359,640,480,3.592599998228252,6.454900023527443,50,20.598300034180284,1,0.2685000654309988,0,23.963594027930053,32.074309729181174,31.17760003078729,33.40180008672178,0.000900006853044033,1.4518999960273504,0.006100046448409557,0.16850000247359276,0.000800006091594696,0.11409993749111891,0.002400018274784088,31.17289999499917,0.10180007666349411,29.315500054508448,0.089599983766675
0.0,24.141800007782876,0.0,110.0,0.008100061677396297,1.0,640,480,0.000500003807246685,640,480,2.3065999848768115,5.554300034418702,51,17.074899980798364,1,0.2223999472334981,0,24.00012800000163,39.4136819706066,25.371900061145425,31.394299934618175,0.001100008375942707,2.1484000608325005,0.009100069291889668,0.1702000154182315,0.001100008375942707,0.1503999810665846,0.002800021320581436,36.56859998591244,0.18580001778900623,33.885200042277575,0.06940006278455257
0.0,20.43709997087717,0.0,111.0,0.008200062438845634,1.0,640,480,0.000800006091594696,640,480,2.2743999725207686,6.756599992513657,52,17.81340001616627,1,0.4186999285593629,0,24.088122812832204,36.31569977916377,27.536299894563854,35.72040004655719,0.000700005330145359,1.2781000696122646,0.005700043402612209,0.14459993690252304,0.000700005330145359,0.10220007970929146,0.001700012944638729,29.16369994636625,0.1235998934134841,27.496599941514432,0.07269997149705887
0.0,12.30920001398772,0.0,112.0,0.008299946784973145,1.0,640,480,0.001100008375942707,640,480,2.287200069986284,7.439299952238798,53,23.03009992465377,1,0.45579997822642326,0,24.128280824788707,29.67112530589168,33.702799933962524,30.239199986681342,0.000600004568696022,1.5224000671878457,0.0077999429777264595,0.13860000763088465,0.000700005330145359,0.09600003249943256,0.00209989957511425,35.767899942584336,0.14839996583759785,33.84089993778616,0.07030006963759661
0.0,10.036100051365793,0.0,113.0,0.0078000593930482864,1.0,640,480,0.00100000761449337,640,480,2.377800061367452,6.668000016361475,54,21.55000006314367,1,0.47420000191777945,0,24.165510965441186,31.90963182891659,31.338500091806054,35.514899995177984,0.001400010660290718,3.6886000307276845,0.009100069291889668,0.1221999991685152,0.000600004568696022,0.18259999342262745,0.0029999064281582832,36.070500034838915,0.11599995195865631,31.932000070810318,0.06949994713068008
0.0,7.817600038833916,0.0,114.0,0.0068999361246824265,1.0,640,480,0.001100008375942707,640,480,2.6313000125810504,9.541100007481873,55,18.821200006641448,1,0.6312999175861478,0,24.218641105143845,31.306449523576536,31.942299916408956,33.86760002467781,0.001100008375942707,3.5794000141322613,0.0097999582067132,0.1976999919861555,0.000800006091594696,0.11180003639310598,0.002399901859462261,33.64129993133247,0.12480001896619797,29.601599904708564,0.07269997149705887
0.0,7.7933999709784985,0.0,115.0,0.007999944500625134,1.0,640,480,0.001700012944638729,640,480,3.59890004619956,8.514399989508092,56,24.665099917910993,1,0.7134999614208937,0,24.28152245577083,26.405080329415444,37.8715000115335,33.77149999141693,0.0013998942449688911,2.0016999915242195,0.005499925464391708,0.1281000440940261,0.000700005330145359,0.10339997243136168,0.00300002284348011,32.080500037409365,0.14500005636364222,29.676100006327033,0.08830009028315544
0.0,10.508500039577484,0.0,116.0,0.011599971912801266,1.0,640,480,0.001100008375942707,640,480,3.124999930150807,8.620099979452789,57,25.55919997394085,1,0.6845000898465514,0,24.32154695300384,26.043090935322724,38.397899945266545,33.71699992567301,0.001800013706088066,5.0567000871524215,0.021900050342082977,0.372899929061532,0.001900014467537403,0.3063000040128827,0.003300025127828121,35.26699997019023,0.18279999494552612,29.29710003081709,0.07409998215734959
0.0,12.05859996844083,0.0,117.0,0.012999982573091984,1.0,640,480,0.00100000761449337,640,480,8.196899900212884,9.86750004813075,58,33.89570000581443,1,0.4092000890523195,0,24.34890071017092,18.97551210293665,52.69949999637902,31.734300078824162,0.001400010660290718,3.5379999317228794,0.015600002370774746,0.2539000706747174,0.001500011421740055,0.22490008268505335,0.00300002284348011,37.02950000297278,0.10659999679774046,32.86380006466061,0.12520002201199532
0.0,24.979200097732246,0.0,118.0,0.019200029782950878,1.0,640,480,0.000600004568696022,640,480,4.4568999437615275,7.765499991364777,59,32.88079996127635,1,0.25209994055330753,0,24.35389659608837,21.841118979847316,45.785199967212975,38.778599933721125,0.00200001522898674,3.3723999513313174,0.029999995604157448,0.4786000354215503,0.001400010660290718,0.22240006364881992,0.004599918611347675,40.30420002527535,0.18480001017451286,35.98469996359199,0.23250002413988113
1.0,11.801799992099404,0.0,120.0,0.016400008462369442,1.0,640,480,0.000600004568696022,640,480,7.0225999224931,7.965299999341369,60,30.325100058689713,1,0.3106999211013317,0,24.225548904238945,21.722319243279266,46.035600011236966,27.92380005121231,0.00100000761449337,2.1791999461129308,0.009900075383484364,0.15360000543296337,0.0009998911991715431,0.16229995526373386,0.002800021320581436,31.30789997521788,0.862100045196712,27.922699926421046,0.19580009393393993
0.0,27.905500028282404,0.0,121.0,0.015400000847876072,1.0,640,480,0.000500003807246685,640,480,2.4281999794766307,6.094499956816435,61,24.85560008790344,1,0.22240006364881992,0,24.297067157013824,29.432713843657304,33.97580003365874,33.7181999348104,0.001200009137392044,2.036700025200844,0.02719997428357601,0.2050000475719571,0.00100000761449337,0.1743000466376543,0.0030999071896076202,30.204799957573414,0.13599998783320189,27.5991999078542,0.20199990831315517
1.0,2.2055000299587846,0.0,123.0,0.006400048732757568,1.0,640,480,0.000700005330145359,640,480,3.686100011691451,6.567100062966347,62,20.166800008155406,1,0.39139995351433754,0,24.17813080153374,32.21659860480213,31.03990003000945,34.29929993581027,0.000700005330145359,1.7410999862477183,0.008500064723193645,0.16870000399649143,0.000700005330145359,0.1066999975591898,0.001900014467537403,24.511100025847554,0.1292999368160963,22.343900054693222,0.07109995931386948
0.0,0.08669996168464422,0.0,124.0,3.577600000426173,1.0,640,480,0.000700005330145359,640,480,6.421400001272559,9.286400047130883,63,23.3946000225842,1,0.4194000503048301,0,24.205678933119255,23.04386403141076,43.395499931648374,25.955599965527654,0.000500003807246685,1.5909000067040324,0.005300040356814861,0.1319999573752284,0.000700005330145359,0.10359997395426035,0.002100015990436077,36.96870000567287,0.08619995787739754,35.037599969655275,0.08939998224377632
0.0,4.839199944399297,0.0,125.0,0.012899981811642647,1.0,640,480,0.000700005330145359,640,480,4.368899972178042,6.90409995149821,64,31.151499948464334,1,0.3093000268563628,0,24.243175139512278,23.15157799864156,43.19360002409667,37.21510001923889,0.004700035788118839,2.50110006891191,0.009600073099136353,0.16639998648315668,0.001100008375942707,0.1455999445170164,0.004200031980872154,35.28720000758767,0.21810003090649843,32.21590002067387,0.14349992852658033
0.0,11.640499928034842,0.0,126.0,0.01309998333454132,1.0,640,480,0.00100000761449337,640,480,6.550499936565757,11.9503999594599,65,63.83030000142753,1,0.5348999984562397,0,24.271499252918442,12.009429797787833,83.26790004502982,34.12610001396388,0.000900006853044033,3.0937999254092574,0.009999959729611874,0.16459997277706861,0.000700005330145359,0.10710000060498714,0.00400003045797348,36.64130007382482,0.13070006389170885,33.116300008259714,0.11689995881170034
1.0,33.94790005404502,0.0,128.0,0.01610000617802143,1.0,640,480,0.000800006091594696,640,480,4.464400000870228,6.931799929589033,66,18.51099997293204,1,0.42069994378834963,0,24.149148765059916,32.562365106816664,30.710299964994192,28.387899976223707,0.000900006853044033,1.6691000200808048,0.012600095942616463,0.16229995526373386,0.0008998904377222061,0.14389993157237768,0.0029999064281582832,32.4096999829635,0.19130005966871977,30.210500000976026,0.19179994706064463
0.0,22.429700009524822,0.0,129.0,0.008200062438845634,1.0,640,480,0.000600004568696022,640,480,3.4268000163137913,5.404700059443712,67,34.804799943231046,1,0.26999996043741703,0,24.143538463085775,22.665406481579335,44.120099977590144,34.14410003460944,0.000900006853044033,3.169500036165118,0.008800067007541656,0.36239996552467346,0.00100000761449337,0.15600002370774746,0.002600019797682762,42.323899921029806,0.21249998826533556,38.39539992623031,0.07529999129474163
1.0,15.296700061298907,0.0,131.0,0.008400063961744308,1.0,640,480,0.000900006853044033,640,480,2.548100077547133,5.97830000333488,68,11.15660008508712,1,0.4336000420153141,0,24.084195398041256,49.109883400414574,20.362499984912574,25.989099987782538,0.000600004568696022,1.667100004851818,0.00800006091594696,0.17289991956204176,0.000700005330145359,0.1591000473126769,0.00209989957511425,27.182099991478026,0.15129998791962862,25.006999960169196,0.07099995855242014
0.0,0.046200002543628216,0.0,132.0,1.6147999558597803,1.0,640,480,0.000800006091594696,640,480,2.417900017462671,5.513199954293668,69,35.24609992746264,1,0.5272999405860901,1,24.108454732634637,21.947006742358322,45.56430003140122,27.136199991218746,0.000600004568696022,1.8167999805882573,0.007100054062902927,0.13259996194392443,0.000800006091594696,0.10499998461455107,0.001800013706088066,37.369700032286346,0.1004999503493309,35.194700001738966,0.08200004231184721
0.0,3.6050999769940972,0.0,133.0,0.01009996049106121,1.0,640,480,0.001100008375942707,640,480,4.594599944539368,6.709099980071187,70,18.514499999582767,1,0.4971999442204833,0,24.113848616598553,32.64410745318075,30.63339996151626,37.46090002823621,0.000400003045797348,1.339399954304099,0.010900082997977734,0.18879992421716452,0.002499902620911598,0.13950001448392868,0.001800013706088066,40.5334000242874,0.16300007700920105,38.674999959766865,0.0868999632075429
0.0,0.05879998207092285,0.0,134.0,9.305299958214164,1.0,640,480,0.00100000761449337,640,480,3.116500098258257,6.4088000217452645,71,21.191700012423098,1,0.5895000649616122,0,24.10112584185923,24.459805264696246,40.88339989539236,40.85839993786067,0.000700005330145359,2.3274000268429518,0.008899951353669167,0.15320000238716602,0.000800006091594696,0.10810000821948051,0.002500019036233425,43.67009992711246,0.15089998487383127,40.903299930505455,0.08569995407015085
0.0,17.91259995661676,0.0,135.0,0.008899951353669167,1.0,640,480,0.001200009137392044,640,480,4.4145999709144235,6.424700026400387,72,12.153999996371567,1,0.37320004776120186,0,24.259469005350404,42.271322849785,23.65669992286712,42.779800016433,0.000700005330145359,2.276599989272654,0.0067999353632330894,0.1556000206619501,0.000900006853044033,0.10309997014701366,0.002400018274784088,13.844199944287539,0.1545000122860074,11.131700011901557,0.07680000271648169
0.0,4.0828000055626035,0.0,136.0,0.006200047209858894,1.0,640,480,0.000500003807246685,640,480,2.2619999945163727,4.27160004619509,73,32.4794000480324,1,0.20700006280094385,0,24.28003965944286,25.363522702300244,39.42669997923076,13.914800016209483,0.001500011421740055,2.2473999997600913,0.004699919372797012,0.12780004180967808,0.000600004568696022,0.09799993131309748,0.003400025889277458,37.6105000032112,0.09190000128000975,35.020300070755184,0.07049995474517345
0.0,13.37869989220053,0.0,137.0,0.0073999399319291115,1.0,640,480,0.000900006853044033,640,480,2.2203000262379646,5.513699958100915,74,18.108899937942624,1,0.6893000099807978,0,24.342223385783935,36.537288102798016,27.369300019927323,37.775699980556965,0.000600004568696022,1.4422000385820866,0.0072999391704797745,0.12990005780011415,0.000900006853044033,0.0914999982342124,0.002200016751885414,30.22039995994419,0.13509998098015785,28.39909994509071,0.07379997987300158
0.0,5.398300010710955,0.0,138.0,0.005400041118264198,1.0,640,480,0.000400003045797348,640,480,2.257999964058399,5.2550999680534005,75,24.46010010316968,1,0.2405000850558281,1,24.374036441663478,30.843064356533,32.42219996172935,30.97159997560084,0.000600004568696022,2.107999986037612,0.008899951353669167,0.18319999799132347,0.001100008375942707,0.1550000160932541,0.001900014467537403,35.43770010583103,0.45950000640004873,32.5029999949038,0.0673000467941165
0.0,6.2824999913573265,0.0,139.0,0.005500041879713535,1.0,640,480,0.000500003807246685,640,480,2.3357999743893743,5.882899975404143,76,24.124399991706014,1,0.20920007955282927,0,24.426720425901514,30.557304057728544,32.72540005855262,34.335399977862835,0.00100000761449337,2.6753999991342425,0.00800006091594696,0.2009000163525343,0.000900006853044033,0.11530006304383278,0.002600019797682762,31.63690003566444,0.10159995872527361,28.517700033262372,0.06789993494749069
0.0,5.647199926897883,0.0,140.0,0.006499933078885078,1.0,640,480,0.000700005330145359,640,480,2.202600007876754,5.892200046218932,77,53.774200030602515,1,0.3171999705955386,0,24.468123591362986,16.026180358626483,62.39790003746748,31.49269998539239,0.000600004568696022,1.5699999639764428,0.004899920895695686,0.12390001211315393,0.000700005330145359,0.1094000181183219,0.001800013706088066,33.511599991470575,0.12940005399286747,31.56099992338568,0.07139996159821749
0.0,34.680399927310646,0.0,141.0,0.0077999429777264595,1.0,640,480,0.004100031219422817,640,480,2.3240000009536743,8.661999949254096,78,34.0531999245286,1,0.600899918936193,0,24.50913367996883,21.767285952779226,45.94049998559058,34.70860002562404,0.000500003807246685,1.3216000515967607,0.006300047971308231,0.13699999544769526,0.0007998896762728691,0.11519994586706161,0.002500019036233425,33.473400049842894,0.12749992311000824,31.742300023324788,0.06910006050020456
1.0,10.370700038038194,0.0,143.0,0.005800044164061546,1.0,640,480,0.001200009137392044,640,480,3.8622000720351934,7.546200067736208,79,12.72710005287081,1,0.40660006925463676,0,24.347275238209622,40.30941494746524,24.80810007546097,37.82289999071509,0.001500011421740055,3.019200055859983,0.006499933078885078,0.11440005619078875,0.000900006853044033,0.13219995889812708,0.003999914042651653,32.44310000445694,0.06089999806135893,29.0897999657318,0.06870005745440722
0.0,4.323899978771806,0.0,144.0,0.005700043402612209,1.0,640,480,0.000700005330145359,640,480,2.2720000706613064,7.676700013689697,80,25.057499995455146,1,0.3431999357417226,0,24.401686723974702,28.11429016622424,35.56910005863756,30.80290008801967,0.000700005330145359,1.8556000431999564,0.005300040356814861,0.152900000102818,0.000600004568696022,0.2663999330252409,0.00200001522898674,30.97159997560084,0.11469994205981493,28.564300038851798,0.06969994865357876
0.0,6.443500053137541,0.0,145.0,0.0078000593930482864,1.0,640,480,0.000600004568696022,640,480,2.2360999137163162,6.252699997276068,81,24.903399986214936,1,0.32220000866800547,0,24.441266052042646,29.41410056219266,33.99729996453971,32.05849998630583,0.001100008375942707,2.3574999067932367,0.00609993003308773,0.1561000244691968,0.000900006853044033,0.0950000248849392,0.002900022082030773,33.60389999579638,0.19360007718205452,30.77740001026541,0.07450010161846876
0.0,8.665099972859025,0.0,146.0,0.007999944500625134,1.0,640,480,0.000600004568696022,640,480,2.231599995866418,5.67760004196316,82,25.626400019973516,1,0.2882999833673239,0,24.489461419036324,29.281890933786432,34.15079996921122,33.18599995691329,0.000900006853044033,2.6141999987885356,0.006399932317435741,0.13679999392479658,0.000700005330145359,0.1167000737041235,0.00200001522898674,31.8766999989748,0.16930000856518745,28.816099977120757,0.07179996464401484
0.0,8.128600078634918,0.0,147.0,0.007500057108700275,1.0,640,480,0.000500003807246685,640,480,3.271800000220537,6.172399967908859,83,58.96020005457103,1,0.21709990687668324,0,24.521511528497516,14.529688495839386,68.82460007909685,31.67659998871386,0.00100000761449337,3.2516000792384148,0.006299931555986404,0.1295000547543168,0.000800006091594696,0.10750000365078449,0.002499902620911598,34.78949994314462,0.17769995611160994,31.10169991850853,0.06829993799328804
1.0,11.70780009124428,0.0,149.0,0.008400063961744308,1.0,640,480,0.002100015990436077,640,480,2.257299958728254,5.777199985459447,84,41.03119997307658,1,0.22490008268505335,0,24.392394023580025,20.199979798925753,49.50500000268221,36.591900046914816,0.000700005330145359,1.4835000038146973,0.006299931555986404,0.12930005323141813,0.000700005330145359,0.1004999503493309,0.001999898813664913,29.95380002539605,0.15680002979934216,28.062500059604645,0.07269997149705887
0.0,27.876200038008392,0.0,150.0,0.009200070053339005,1.0,640,480,0.000600004568696022,640,480,3.1032999977469444,6.000499939545989,85,30.585599946789443,1,0.2194000408053398,0,24.431387083494254,24.922677361777858,40.124100050888956,30.591799993999302,0.000900006853044033,1.794199924916029,0.006600050255656242,0.13109995052218437,0.000900006853044033,0.09039998985826969,0.002700020559132099,33.4606000687927,0.1490999711677432,31.27240005414933,0.07189996540546417
1.0,2.25060002412647,0.0,152.0,0.007600057870149612,1.0,640,480,0.000500003807246685,640,480,4.177900031208992,6.3310000114142895,86,23.989600013010204,1,0.21050008945167065,0,24.303660832786342,28.631718746865257,34.92630005348474,35.51750001497567,0.000700005330145359,1.2015999527648091,0.004699919372797012,0.09590003173798323,0.000700005330145359,0.08300004992634058,0.00200001522898674,30.362400109879673,0.10240008123219013,28.862200095318258,0.07159996312111616
0.0,3.1811000080779195,0.0,153.0,0.005299923941493034,1.0,640,480,0.000500003807246685,640,480,2.2285000886768103,6.016000057570636,87,24.186900001950562,1,0.22030004765838385,0,24.339054765515044,30.421397186861338,32.871600007638335,31.044999952428043,0.000600004568696022,1.3460000045597553,0.005500041879713535,0.11270004324615002,0.000700005330145359,0.09139999747276306,0.00209989957511425,34.13179994095117,0.11180003639310598,32.45009994134307,0.07140007801353931
0.0,4.424900049343705,0.0,154.0,0.005900044925510883,1.0,640,480,0.001100008375942707,640,480,2.18840001616627,7.3512999806553125,88,24.668200057931244,1,0.6413999944925308,0,24.385972072697577,28.458650969828682,35.138700040988624,33.869200036861,0.000600004568696022,1.4853999018669128,0.005799927748739719,0.13480009511113167,0.00100000761449337,0.10390009265393019,0.002200016751885414,31.747500062920153,0.11880008969455957,29.87260010559112,0.06969994865357876
0.0,3.650899976491928,0.0,155.0,0.006500049494206905,1.0,640,480,0.000500003807246685,640,480,2.267200034111738,5.949399899691343,89,53.73040004633367,1,0.3532000118866563,0,24.410825745494773,16.00061442827257,62.497599981725216,31.697200029157102,0.000800006091594696,1.2657999759539962,0.005600042641162872,0.13129995204508305,0.000800006091594696,0.103199970908463,0.001700012944638729,36.027500056661665,0.11969998013228178,34.39000004436821,0.07030006963759661
1.0,3.349200007505715,0.0,157.0,0.006100046448409557,1.0,640,480,0.000600004568696022,640,480,2.3445000406354666,5.738799925893545,90,10.520200012251735,1,0.27959991712123156,0,24.302245569662567,52.38756301977556,19.088500062935054,30.704500037245452,0.000500003807246685,1.6119000501930714,0.005300040356814861,0.14460005331784487,0.0008998904377222061,0.10369997471570969,0.00200001522898674,31.692499993368983,0.10629999451339245,29.70739989541471,0.07139996159821749
0.0,0.16559998039156199,0.0,158.0,13.041700003668666,1.0,640,480,0.001100008375942707,640,480,2.2616999922320247,9.059300064109266,91,28.252999996766448,1,0.4350000526756048,0,24.330010818776003,18.747305077836163,53.340999991633,31.88709996175021,0.000500003807246685,1.1546999448910356,0.006200047209858894,0.11819996871054173,0.000800006091594696,0.07730000652372837,0.002100015990436077,35.45199998188764,0.12139999307692051,33.96099992096424,0.08119991980493069
0.0,3.925599972717464,0.0,159.0,0.006299931555986404,1.0,640,480,0.000900006853044033,640,480,3.7752999924123287,6.744800019077957,92,32.00359991751611,1,0.4257999826222658,0,24.351491828015696,23.15624213500604,43.184899957850575,35.96110001672059,0.001200009137392044,2.820999943651259,0.008499948307871819,0.17520005349069834,0.00100000761449337,0.23929995950311422,0.002800021320581436,36.66069998871535,0.12430001515895128,33.273099921643734,0.06890005897730589
0.0,17.57599995471537,0.0,160.0,0.00879995059221983,1.0,640,480,0.001200009137392044,640,480,4.496100009419024,6.403100094757974,93,20.755199948325753,1,0.4135000053793192,0,24.40635945553104,30.84059117002163,32.42479998152703,34.69940007198602,0.000400003045797348,1.2857000110670924,0.007300055585801601,0.12039998546242714,0.000700005330145359,0.11999998241662979,0.00200001522898674,29.693399905227125,0.11879997327923775,28.02600001450628,0.08350005373358727
0.0,11.135700042359531,0.0,161.0,0.008300063200294971,1.0,640,480,0.000500003807246685,640,480,2.3095000069588423,5.9507000260055065,94,17.373699927702546,1,0.29900006484240294,0,24.41571231400587,38.2561323321314,26.139600086025894,31.488099950365722,0.000900006853044033,2.8672999469563365,0.006200047209858894,0.14130002819001675,0.000700005330145359,0.14749995898455381,0.003200024366378784,39.012699970044196,0.17490005120635033,35.657200030982494,0.07149996235966682
0.0,9.305300074629486,0.0,162.0,0.00700005330145359,1.0,640,480,0.00100000761449337,640,480,2.2452999837696552,7.279600016772747,95,17.91450008749962,1,0.4963000537827611,0,24.477141815547995,35.49510334296214,28.17290008533746,37.322600022889674,0.000800006091594696,2.188800019212067,0.005699926987290382,0.12750003952533007,0.000700005330145359,0.08699996396899223,0.002400018274784088,28.092199936509132,0.12880004942417145,25.529999984428287,0.06929994560778141
0.0,4.277799976989627,0.0,163.0,0.00609993003308773,1.0,640,480,0.000500003807246685,640,480,2.2999000502750278,5.924899945966899,96,16.668399912305176,1,0.21079997532069683,0,24.51293956345669,39.51991209600451,25.303700007498264,28.92379998229444,0.001300009898841381,1.7555999802425504,0.00879995059221983,0.16029994003474712,0.00100000761449337,0.13649999164044857,0.003400025889277458,33.323500072583556,0.12209999840706587,31.120300060138106,0.06870005745440722
0.0,0.07770000956952572,0.0,164.0,1.0478999465703964,1.0,640,480,0.000400003045797348,640,480,2.247299998998642,6.035399972461164,97,16.708299983292818,1,0.20929996389895678,0,24.5608818910024,37.80661160896455,26.450400007888675,33.68780005257577,0.000500003807246685,1.3536999467760324,0.005200039595365524,0.10189996100962162,0.000800006091594696,0.09280000813305378,0.002100015990436077,30.659700045362115,0.06870005745440722,29.024100047536194,0.0724999699741602
0.0,0.05030003376305103,0.0,165.0,9.39309992827475,1.0,640,480,0.000600004568696022,640,480,2.5025000795722008,6.366100045852363,98,24.398299981839955,1,0.24960003793239594,0,24.588034210137238,23.170192015297904,43.15889999270439,31.271399930119514,0.000500003807246685,1.3210000470280647,0.004900037311017513,0.11389993596822023,0.000700005330145359,0.0923000043258071,0.001800013706088066,34.93650001473725,0.07489998824894428,33.3171000238508,0.0735999783501029
0.0,0.18269999418407679,0.0,166.0,0.004800036549568176,1.0,640,480,0.000600004568696022,640,480,2.21950002014637,6.130100111477077,99,24.174700025469065,1,0.27950003277510405,0,24.62041710458121,30.294400980386477,33.009400009177625,34.976999973878264,0.000400003045797348,1.5174000291153789,0.00509992241859436,0.11350004933774471,0.000800006091594696,0.0914999982342124,0.00200001522898674,33.7525000795722,0.07930002175271511,31.933999969623983,0.06909994408488274
0.0,0.40120002813637257,0.0,167.0,0.00500003807246685,1.0,640,480,0.000900006853044033,640,480,3.0149000231176615,7.0729999570176005,100,25.519500020891428,1,0.390400062315166,0,24.65634881915909,27.574796634005295,36.26500000245869,33.57080009300262,0.0004998873919248581,1.3098000781610608,0.004599918611347675,0.09130011312663555,0.000600004568696022,0.08660007733851671,0.001700012944638729,32.911499962210655,0.07409998215734959,31.333599938079715,0.06969994865357876
0.0,3.4394999966025352,0.0,168.0,0.006700051017105579,1.0,640,480,0.000700005330145359,640,480,2.2902999771758914,5.793999996967614,101,46.40960006508976,1,0.2812000457197428,0,24.689763229956355,18.186480514165147,54.98590006027371,33.1656999187544,0.000900006853044033,1.311899977736175,0.005599926225841045,0.1265000319108367,0.000700005330145359,0.11739996261894703,0.002400018274784088,33.35690009407699,0.10990002192556858,31.672800076194108,0.07099995855242014
0.0,24.202900007367134,0.0,169.0,0.00809994526207447,1.0,640,480,0.001300009898841381,640,480,3.2562999986112118,8.21260001976043,102,32.7638000017032,1,0.47640001866966486,0,24.71816007453308,22.184016391587203,45.07750004995614,33.26400008518249,0.000500003807246685,1.6475000884383917,0.0065999338403344154,0.1428000396117568,0.000600004568696022,0.12069998774677515,0.002499902620911598,34.34829995967448,0.17969997134059668,32.235899940133095,0.0711000757291913
1.0,1.1475000064820051,0.0,171.0,0.00500003807246685,1.0,640,480,0.000800006091594696,640,480,2.4788000155240297,6.324299960397184,103,11.272700037807226,1,0.34169992431998253,0,24.591049460579647,48.39568296178246,20.663000061176717,32.63649996370077,0.0033999094739556313,1.5442000003531575,0.007200054824352264,0.12919993605464697,0.000700005330145359,0.11909997556358576,0.004800036549568176,36.03250009473413,0.10379997547715902,34.10240006633103,0.0700000673532486
0.0,0.23550004698336124,0.0,172.0,10.335900005884469,1.0,640,480,0.0008998904377222061,640,480,2.2512999130412936,6.506800069473684,104,35.9409999800846,1,0.3826000029221177,0,24.629621950756167,17.969451933400144,55.649999994784594,35.85059999022633,0.000700005330145359,1.8503000028431416,0.005899928510189056,0.13269996270537376,0.000700005330145359,0.09600003249943256,0.002199900336563587,32.09859994240105,0.13160007074475288,29.86759995110333,0.08760008495301008
0.0,12.190400040708482,0.0,173.0,0.006200047209858894,1.0,640,480,0.001100008375942707,640,480,4.342900007031858,7.223699940368533,105,30.01910005696118,1,0.421399949118495,0,24.661634609176414,23.59987818963368,42.373100062832236,31.820000032894313,0.000800006091594696,1.830599969252944,0.017900019884109497,0.12780004180967808,0.000700005330145359,0.08800008799880743,0.002200016751885414,33.46780000720173,0.15979993622750044,31.226999941281974,0.0700999516993761
0.0,18.821600009687245,0.0,174.0,0.008800067007541656,1.0,640,480,0.001100008375942707,640,480,3.2520999666303396,8.59189999755472,106,25.912399985827506,1,0.587899936363101,0,24.682499122340204,25.879381346719935,38.64080004859716,33.4608000703156,0.001600012183189392,2.5505999801680446,0.008699949830770493,0.3939999733120203,0.000800006091594696,0.29440002981573343,0.0039000296965241432,35.87540006265044,0.2460000105202198,32.36069995909929,0.07029995322227478
0.0,25.701900012791157,0.0,175.0,0.008199946023523808,1.0,640,480,0.00100000761449337,640,480,2.3539999965578318,6.9899000227451324,107,52.85929993260652,1,0.3877000417560339,0,24.72086043453786,15.906849491177304,62.86599999293685,34.59809999912977,0.000800006091594696,1.697800005786121,0.0077999429777264595,0.13509998098015785,0.000700005330145359,0.08869997691363096,0.002300017513334751,31.887699966318905,0.16240007244050503,29.770700028166175,0.07099995855242014
1.0,21.743099903687835,0.0,177.0,0.0077999429777264595,1.0,640,480,0.001200009137392044,640,480,2.5586000410839915,8.179600001312792,108,31.612500082701445,1,0.5559000419452786,0,24.604025838622636,23.132940413982283,43.22839993983507,36.230199970304966,0.000500003807246685,1.7745000077411532,0.006100046448409557,0.13719999697059393,0.000700005330145359,0.09210000280290842,0.002500019036233425,29.753300012089312,0.12940005399286747,27.599100023508072,0.07740000728517771
0.0,34.45590008050203,0.0,178.0,0.008600065484642982,1.0,640,480,0.001100008375942707,640,480,4.757800023071468,8.104900014586747,109,11.058600037358701,1,0.48649997916072607,0,24.64732208874337,40.4940270831678,24.695000029169023,30.682199983857572,0.000500003807246685,1.4763999497517943,0.006399932317435741,0.12980005703866482,0.000600004568696022,0.09400001727044582,0.001800013706088066,30.70630005095154,0.13870000839233398,28.848100104369223,0.08920009713619947
0.0,23.823800031095743,0.0,179.0,0.011999974958598614,1.0,640,480,0.001300009898841381,640,480,5.295799928717315,14.763199957087636,110,29.725200030952692,1,0.6948000518605113,0,24.66895495884826,19.660270529259176,50.863999989815056,31.00089996587485,0.000700005330145359,2.289600088261068,0.005199923180043697,0.11000002268701792,0.00100000761449337,0.08580007124692202,0.002200016751885414,35.57980002369732,0.07339997682720423,33.002100070007145,0.11599995195865631
0.0,30.366600025445223,0.0,180.0,0.01750001683831215,1.0,640,480,0.000900006853044033,640,480,2.545399940572679,6.276000058278441,111,27.98149990849197,1,0.4517999477684498,0,24.651145640673228,26.579485965474333,37.622999981977046,34.883800079114735,0.00100000761449337,1.679199980571866,0.010500079952180386,0.1786999637261033,0.001100008375942707,0.12780004180967808,0.003200024366378784,44.656199985183775,0.14220003504306078,42.497800081036985,0.13649999164044857
1.0,13.909399975091219,0.0,182.0,0.008999952115118504,1.0,640,480,0.000600004568696022,640,480,2.285500057041645,5.959400092251599,112,25.21690004505217,1,0.32919994555413723,0,24.592719879411593,29.392400267071167,34.02240003924817,34.75560003425926,0.0007998896762728691,1.7416999908164144,0.006700051017105579,0.13219995889812708,0.000800006091594696,0.09280000813305378,0.002400018274784088,18.67300004232675,0.12100010644644499,16.563400044105947,0.0879000872373581
0.0,16.14189997781068,0.0,183.0,0.007900060154497623,1.0,640,480,0.000700005330145359,640,480,2.3941999534144998,6.7544999765232205,113,50.98270007874817,1,0.37210003938525915,0,24.62969426860918,16.454946357663665,60.77199999708682,19.54720006324351,0.000500003807246685,1.5547999646514654,0.007900060154497623,0.15219999477267265,0.000700005330145359,0.13149995356798172,0.001900014467537403,31.916899955831468,0.15160010661929846,29.904299997724593,0.06999995093792677
1.0,6.648699985817075,0.0,185.0,0.0066999346017837524,1.0,640,480,0.000400003045797348,640,480,2.3133999202400446,5.6724000023677945,114,30.793200014159083,1,0.22209994494915009,0,24.504752568987573,25.495635188221698,39.22239993698895,31.05280001182109,0.00100000761449337,2.0179999992251396,0.005900044925510883,0.12260000221431255,0.0007998896762728691,0.1265000319108367,0.002200016751885414,38.14079996664077,0.1370999962091446,35.715000005438924,0.08200004231184721
0.0,16.45770005416125,0.0,186.0,0.0078000593930482864,1.0,640,480,0.000800006091594696,640,480,2.2040000185370445,6.277599954046309,115,18.14509998075664,1,0.38079998921602964,0,24.55145258061745,36.38983698080399,27.480200049467385,38.73599995858967,0.000800006091594696,1.433699973858893,0.00800006091594696,0.15629990957677364,0.000700005330145359,0.1023000804707408,0.002100015990436077,29.53880000859499,0.11599995195865631,27.707100030966103,0.06959994789212942
0.0,8.695799973793328,0.0,187.0,0.006800051778554916,1.0,640,480,0.000500003807246685,640,480,2.2481000050902367,5.315600079484284,116,24.322399985976517,1,0.21139997988939285,0,24.573598414930224,30.91228331350014,32.34959999099374,30.37269995547831,0.001400010660290718,2.766599995084107,0.005700043402612209,0.125700025819242,0.0006998889148235321,0.1718999119475484,0.003100023604929447,35.36039998289198,0.17520005349069834,32.092300010845065,0.06929994560778141
0.0,7.7541000209748745,0.0,188.0,0.006200047209858894,1.0,640,480,0.000500003807246685,640,480,2.2136999759823084,5.3041999926790595,117,24.176100036129355,1,0.21860003471374512,0,24.603489658432842,31.091433605973016,32.16320008505136,33.9438000228256,0.000800006091594696,2.765699988231063,0.0067999353632330894,0.1273000380024314,0.000600004568696022,0.08509994950145483,0.002100015990436077,33.40559999924153,0.13429997488856316,30.27200000360608,0.06800005212426186
0.0,7.702500093728304,0.0,189.0,0.006800051778554916,1.0,640,480,0.000700005330145359,640,480,2.2366000339388847,6.0356000903993845,118,24.201599997468293,1,0.3793999785557389,0,24.637475774754215,30.237607102446283,33.07140001561493,33.54930004570633,0.000600004568696022,2.1484000608325005,0.0069999368861317635,0.1373999984934926,0.000600004568696022,0.08750008419156075,0.001999898813664913,32.333799987100065,0.6064999615773559,29.332100064493716,0.06839993875473738
0.0,7.2821000358089805,0.0,190.0,0.006100046448409557,1.0,640,480,0.005800044164061546,640,480,2.3590000346302986,6.80230010766536,119,48.70340006891638,1,0.5164999747648835,0,24.66586403809424,17.041900919446917,58.67890000808984,32.47859992552549,0.000600004568696022,2.6027000276371837,0.006900052540004253,0.15979993622750044,0.000700005330145359,0.12240000069141388,0.00200001522898674,33.61580008640885,0.09200000204145908,30.616300064139068,0.0681999372318387
1.0,0.04309997893869877,0.0,192.0,0.002700020559132099,1.0,640,480,0.000600004568696022,640,480,3.628899925388396,6.166400038637221,120,31.519099953584373,1,0.2644999185577035,0,24.55928566513348,23.92310157603474,41.80060001090169,35.26849998161197,0.000800006091594696,2.038799924775958,0.005299923941493034,0.1053001033142209,0.000800006091594696,0.08099991828203201,0.001700012944638729,32.3045999975875,0.06850005593150854,29.99339997768402,0.07150007877498865
0.0,8.98000004235655,0.0,193.0,0.006900052540004253,1.0,640,480,0.000600004568696022,640,480,2.2378999274224043,6.412700051441789,121,11.423500021919608,1,0.3046001074835658,0,24.590069695950877,48.51848794115764,20.61070001218468,32.33150008600205,0.000900006853044033,2.634699922055006,0.008199946023523808,0.1686000032350421,0.000900006853044033,0.11310004629194736,0.002300017513334751,33.00870000384748,0.09370001498609781,29.97419994790107,0.07219996768981218
0.0,0.05170004442334175,0.0,194.0,3.8108000298961997,1.0,640,480,0.000900006853044033,640,480,3.5580999683588743,6.617199978791177,122,26.781999971717596,1,0.42529997881501913,0,24.618702060252442,24.114980202769956,41.468000039458275,32.32429991476238,0.000500003807246685,1.3810000382363796,0.005600042641162872,0.09910005610436201,0.000700005330145359,0.09620003402233124,0.0018998980522155762,33.46369997598231,0.06830005440860987,31.80100000463426,0.07389998063445091
0.0,4.117700038477778,0.0,195.0,0.007200054824352264,1.0,640,480,0.000600004568696022,640,480,2.246999996714294,5.972800077870488,123,23.90719996765256,1,0.23799994960427284,0,24.64595203912862,30.694430809021632,32.57919999305159,34.84179999213666,0.000700005330145359,1.2601999333128333,0.005199923180043697,0.13449997641146183,0.000700005330145359,0.10770000517368317,0.001800013706088066,33.73190003912896,0.11500006075948477,32.09630004130304,0.07209996692836285
0.0,3.5831000423058867,0.0,196.0,0.006600050255656242,1.0,640,480,0.000400003045797348,640,480,2.352000097744167,5.7490000035613775,124,23.792000021785498,1,0.22009992972016335,0,24.674804502472384,30.94566861814397,32.314700074493885,33.78490009345114,0.000600004568696022,1.5072999522089958,0.00600004568696022,0.1319999573752284,0.000600004568696022,0.11270004324615002,0.001900014467537403,33.25630002655089,0.13289996422827244,31.352999969385564,0.07159996312111616
0.0,2.961600082926452,0.0,197.0,0.004800036549568176,1.0,640,480,0.000800006091594696,640,480,4.844399983994663,6.977900047786534,125,47.46889998205006,1,0.3755999496206641,0,24.704088057929482,16.691481347079957,59.910799958743155,32.99099998548627,0.000600004568696022,1.3388000661507249,0.005100038833916187,0.12459990102797747,0.000700005330145359,0.10380009189248085,0.001900014467537403,33.06899999734014,0.09029998909682035,31.394200050272048,0.06889994256198406
0.0,30.362799996510148,0.0,198.0,0.007999944500625134,1.0,640,480,0.001200009137392044,640,480,2.289700089022517,7.199000101536512,126,32.250800053589046,1,0.6142000202089548,0,24.734655024170102,23.42540296383673,42.688700021244586,33.305399934761226,0.000500003807246685,1.3775000115856528,0.006100046448409557,0.13609998859465122,0.00100000761449337,0.11419993825256824,0.002200016751885414,32.66520006582141,0.14309992548078299,30.872600036673248,0.07209996692836285
1.0,2.0987000316381454,0.0,200.0,0.004700035788118839,1.0,640,480,0.000500003807246685,640,480,4.7472999431192875,5.895599955692887,127,10.764700011350214,1,0.24149997625499964,0,24.615728487567846,45.7527704285758,21.85659995302558,33.89320010319352,0.000400003045797348,1.5230999561026692,0.004999921657145023,0.14920008834451437,0.000700005330145359,0.08369993884116411,0.001700012944638729,36.87449998687953,0.11420005466789007,34.98799994122237,0.0795999076217413
0.0,0.05319993942975998,0.0,201.0,4.0865999180823565,1.0,640,480,0.000600004568696022,640,480,2.253200043924153,5.559799959883094,128,23.913800017908216,1,0.23879995569586754,0,24.663677199802837,27.572591722248838,36.26790002454072,37.12309990078211,0.000500003807246685,1.0980999795719981,0.012699980288743973,0.13319996651262045,0.000600004568696022,0.09020010475069284,0.001600012183189392,28.133700019679964,0.07479998748749495,26.712400023825467,0.07459998596459627
0.0,0.15400000847876072,0.0,202.0,3.246600041165948,1.0,640,480,0.00100000761449337,640,480,2.2395000560209155,8.50119988899678,129,30.511600081808865,1,0.4425999941304326,0,24.683044098979458,22.109512818245953,45.22940004244447,28.62480003386736,0.000400003045797348,1.2379999971017241,0.006100046448409557,0.10679999832063913,0.000700005330145359,0.09490002412348986,0.001700012944638729,35.470300004817545,0.05559995770454407,33.957599895074964,0.07459998596459627
0.0,3.6192999687045813,0.0,203.0,0.004500034265220165,1.0,640,480,0.000600004568696022,640,480,2.3053999757394195,6.8780999863520265,130,25.99009999539703,1,0.4544999683275819,0,24.690072083031083,27.8875462204698,35.85830004885793,35.396500024944544,0.000500003807246685,1.5921000158414245,0.005600042641162872,0.12750003952533007,0.000600004568696022,0.12179999612271786,0.002200016751885414,38.646899978630245,0.11809996794909239,36.669200053438544,0.06799993570894003
0.0,7.9338999930769205,0.0,204.0,0.00500003807246685,1.0,640,480,0.000800006091594696,640,480,2.491599996574223,6.491699954494834,131,49.716400098986924,1,0.304899993352592,0,24.723473325142827,16.884647471586756,59.22539997845888,38.12259994447231,0.000700005330145359,3.3203000202775,0.009499955922365189,0.49020000733435154,0.001100008375942707,0.2087999600917101,0.002200016751885414,31.68069990351796,0.4249999765306711,27.208000072278082,0.06720004603266716
0.0,37.52900008112192,0.0,205.0,0.0078000593930482864,1.0,640,480,0.000400003045797348,640,480,2.1997999865561724,5.820799968205392,132,31.15059994161129,1,0.21700002253055573,0,24.76376514517044,25.261328423858227,39.586200029589236,29.212200082838535,0.001600012183189392,1.826200052164495,0.006900052540004253,0.1970999874174595,0.0006998889148235321,0.0980000477284193,0.004599918611347675,29.777499963529408,0.15219999477267265,27.472499990835786,0.0716999638825655
1.0,9.454500046558678,0.0,207.0,0.007700058631598949,1.0,640,480,0.000600004568696022,640,480,2.255899948067963,5.765700014308095,133,10.46460005454719,1,0.2373000606894493,0,24.66094976413899,52.79580171471744,18.94089998677373,41.912600048817694,0.000800006091594696,2.9433000599965453,0.005600042641162872,0.12630003038793802,0.000900006853044033,0.08659996092319489,0.004400033503770828,26.718200067989528,0.14380004722625017,23.394300020299852,0.07129996083676815
0.0,0.1634999644011259,0.0,208.0,3.9417999796569347,1.0,640,480,0.000500003807246685,640,480,2.270699944347143,5.81240002065897,134,24.52059998176992,1,0.2519999397918582,0,24.691529772063802,27.01264467122737,37.01969992835075,24.882199941202998,0.000600004568696022,1.4187999768182635,0.006100046448409557,0.11419993825256824,0.000700005330145359,0.10830000974237919,0.00200001522898674,32.296799938194454,0.08210004307329655,30.553899938240647,0.07670000195503235
0.0,0.07539999205619097,0.0,209.0,3.174200071953237,1.0,640,480,0.000700005330145359,640,480,3.080999944359064,5.650600069202483,135,24.655200075358152,1,0.3112000413239002,0,24.706349315834938,26.96638904709483,37.08320006262511,33.89910003170371,0.000500003807246685,1.51269999332726,0.006700051017105579,0.12250000145286322,0.0005998881533741951,0.11909997556358576,0.002100015990436077,36.471999948844314,0.06980006583034992,34.62920000310987,0.07580011151731014
0.0,4.104000050574541,0.0,210.0,0.006300047971308231,1.0,640,480,0.000500003807246685,640,480,2.3900000378489494,5.699199973605573,136,24.0717000560835,1,0.36419997923076153,0,24.744810200857405,30.550862608573578,32.732299994677305,36.39829996973276,0.000600004568696022,1.6028000973165035,0.004799920134246349,0.12209999840706587,0.000700005330145359,0.10280008427798748,0.00200001522898674,30.012300005182624,0.13229995965957642,28.035799972712994,0.07019995246082544
0.0,3.7751999916508794,0.0,211.0,0.00509992241859436,1.0,640,480,0.000700005330145359,640,480,2.6705999625846744,6.872499943710864,137,53.90940001234412,1,0.3087000222876668,0,24.771206388751196,15.625659209334058,63.997299992479384,29.905000003054738,0.000600004568696022,1.613300060853362,0.006200047209858894,0.130399945192039,0.000800006091594696,0.10189996100962162,0.00209989957511425,33.21040002629161,0.13139995280653238,31.21310006827116,0.07619999814778566
0.0,33.487900043837726,0.0,212.0,0.008200062438845634,1.0,640,480,0.00100000761449337,640,480,2.3049000883474946,5.452300072647631,138,11.078499956056476,1,0.39089994970709085,0,24.792893010765408,51.23948293850019,19.516200060024858,33.19950005970895,0.000700005330145359,1.6887999372556806,0.008200062438845634,0.14709995593875647,0.000800006091594696,0.10679999832063913,0.001900014467537403,34.4263999722898,0.1354999840259552,32.325200038030744,0.07129996083676815
0.0,18.93649995326996,0.0,213.0,0.0077999429777264595,1.0,640,480,0.000900006853044033,640,480,3.4391999943181872,5.929199978709221,139,32.82229998148978,1,0.4110999871045351,0,24.81522094564153,23.332703332870352,42.85830003209412,34.30359996855259,0.000600004568696022,1.5952999237924814,0.011999974958598614,0.16279995907098055,0.001300009898841381,0.1210999907925725,0.001800013706088066,34.187400015071034,0.1729000359773636,32.10760001093149,0.06789993494749069
0.0,28.26749999076128,0.0,214.0,0.008399947546422482,1.0,640,480,0.001200009137392044,640,480,3.81680007558316,7.6299000065773726,140,25.64230002462864,1,0.6156000308692455,0,24.839179463096784,26.263469840545863,38.07570005301386,34.24870001617819,0.000500003807246685,1.3493000296875834,0.0065999338403344154,0.1268000341951847,0.010100076906383038,0.08929998148232698,0.001999898813664913,33.68120000232011,0.14839996583759785,31.936299987137318,0.07850001566112041
0.0,33.89429999515414,0.0,215.0,0.008599949069321156,1.0,640,480,0.001100008375942707,640,480,2.270699944347143,7.370600011199713,141,28.216900071129203,1,0.4249000921845436,0,24.866797581291603,25.92856682797296,38.56749995611608,34.00590003002435,0.000700005330145359,1.8827999010682106,0.005699926987290382,0.12079998850822449,0.000800006091594696,0.12530002277344465,0.002100015990436077,32.60030003730208,0.09900005534291267,30.34789999946952,0.07220008410513401
1.0,5.769999930635095,0.0,217.0,0.0067999353632330894,1.0,640,480,0.000500003807246685,640,480,2.2127999691292644,5.197899998165667,142,25.159699958749115,1,0.3220000071451068,0,24.771419208683618,30.09799906733334,33.22480001952499,37.17169992160052,0.000900006853044033,1.80159998126328,0.0070999376475811005,0.16200006939470768,0.000800006091594696,0.1257999101653695,0.002500019036233425,30.112700071185827,0.10930001735687256,27.890500030480325,0.07470010314136744
0.0,7.614600006490946,0.0,218.0,0.005700043402612209,1.0,640,480,0.001300009898841381,640,480,2.25060002412647,6.845099967904389,143,55.0418000202626,1,0.5858000367879868,0,24.802812265815056,15.382083251007671,65.01070002559572,29.707200010307133,0.000700005330145359,2.1729000145569444,0.006100046448409557,0.13489997945725918,0.000600004568696022,0.1954999752342701,0.002200016751885414,31.51519992388785,0.08919998072087765,28.899100027047098,0.06889994256198406
1.0,3.4392999950796366,0.0,220.0,0.006300047971308231,1.0,640,480,0.000500003807246685,640,480,3.270599991083145,5.7761999778449535,144,32.0128999883309,1,0.2666999353095889,0,24.700536515160298,24.06153976971015,41.56010004226118,33.58069993555546,0.000600004568696022,1.7920000245794654,0.013699987903237343,0.26459991931915283,0.001400010660290718,0.17980008851736784,0.002200016751885414,36.17869992740452,0.2142000012099743,33.69359998032451,0.08759996853768826
0.0,13.558700098656118,0.0,221.0,0.008300063200294971,1.0,640,480,0.000900006853044033,640,480,2.276599989272654,6.187399965710938,145,27.268299949355423,1,0.4034999292343855,0,24.731490560319916,27.360379927790852,36.549200071021914,35.91440001036972,0.000800006091594696,1.6611000755801797,0.0072999391704797745,0.1537000061944127,0.000700005330145359,0.10359997395426035,0.002300017513334751,31.606399919837713,0.11799996718764305,29.54609994776547,0.06949994713068008
0.0,18.699900014325976,0.0,222.0,0.007700058631598949,1.0,640,480,0.001700012944638729,640,480,2.560500055551529,7.166100083850324,146,29.814700013957918,1,0.39379997178912163,0,24.762416571978573,24.881873325146064,40.18989996984601,32.06080000381917,0.000900006853044033,1.5369999455288053,0.007100054062902927,0.12600002810359,0.000800006091594696,0.08949998300522566,0.002300017513334751,31.531000044196844,0.12820004485547543,29.62739998474717,0.07149996235966682
0.0,21.640800056047738,0.0,223.0,0.009499955922365189,1.0,640,480,0.000800006091594696,640,480,7.53840000834316,10.023399954661727,147,32.70340000744909,1,0.5303999641910195,0,24.772525237336673,19.560284801372653,51.12399999052286,31.70759999193251,0.000700005330145359,1.8156999722123146,0.010299962013959885,0.1537000061944127,0.000700005330145359,0.10850001126527786,0.0027999049052596092,37.45379997417331,0.17200002912431955,35.17719998490065,0.07369997911155224
1.0,1.0771999368444085,0.0,225.0,0.006200047209858894,1.0,640,480,0.000700005330145359,640,480,2.2644998971372843,5.977099994197488,148,25.130499969236553,1,0.34359993878751993,0,24.664335369318113,29.328437520578504,34.096599905751646,33.79250003490597,0.000600004568696022,3.4316000528633595,0.03160000778734684,0.3875000402331352,0.001500011421740055,0.2720999764278531,0.003800028935074806,36.822799942456186,0.1981999957934022,32.474700012244284,0.08869997691363096
0.0,8.53120000101626,0.0,226.0,0.00809994526207447,1.0,640,480,0.00100000761449337,640,480,2.908899914473295,7.299300050362945,149,58.94400004763156,1,0.440100091509521,0,24.71096215688284,14.317171167979833,69.8461999418214,35.882099997252226,0.000900006853044033,3.146100090816617,0.00870006624609232,0.15959993470460176,0.0008998904377222061,0.11310004629194736,0.0027999049052596092,26.828299975022674,0.13669999316334724,23.24769995175302,0.07319997530430555
1.0,7.676100009121001,0.0,228.0,0.006800051778554916,1.0,640,480,0.000500003807246685,640,480,2.2284999722614884,6.456799921579659,150,44.16769999079406,1,0.2468000166118145,0,24.608259409361164,18.75184002084889,53.328100009821355,35.2518999716267,0.000500003807246685,1.5857999678701162,0.008800067007541656,0.1900999341160059,0.000900006853044033,0.14320004265755415,0.001800013706088066,36.790500045754015,0.13399997260421515,34.71260005608201,0.07199996616691351
1.0,1.0173000628128648,0.0,230.0,0.006800051778554916,1.0,640,480,0.000800006091594696,640,480,2.260599983856082,6.378200021572411,151,33.47110003232956,1,0.44759991578757763,0,24.54317856312671,23.184588728633788,43.13210002146661,31.02940006647259,0.000800006091594696,1.5410000924021006,0.005100038833916187,0.0996999442577362,0.000700005330145359,0.08200004231184721,0.001900014467537403,29.534699977375567,0.1737999264150858,27.62019995134324,0.07059995550662279
0.0,6.4709000289440155,0.0,231.0,0.005799927748739719,1.0,640,480,0.000500003807246685,640,480,2.2324000019580126,5.619499948807061,152,24.644399993121624,1,0.21820003166794777,0,24.552855735225727,30.38100823231147,32.91529999114573,29.307099990546703,0.000900006853044033,1.985899987630546,0.0074999406933784485,0.14150002971291542,0.000900006853044033,0.12879993300884962,0.001999898813664913,37.80619997996837,0.376800075173378,35.14819999691099,0.0700000673532486
0.0,10.508800041861832,0.0,232.0,0.007100054062902927,1.0,640,480,0.00100000761449337,640,480,2.3129000328481197,7.08329991903156,153,29.30200006812811,1,0.4607000155374408,0,24.59147281391516,25.386831816269435,39.39050005283207,37.07099996972829,0.000600004568696022,1.4970999909564853,0.006800051778554916,0.12640003114938736,0.000800006091594696,0.09370001498609781,0.002200016751885414,29.014899977482855,0.157299917191267,27.116899960674345,0.06879994180053473
0.0,12.654100079089403,0.0,233.0,0.011100084520876408,1.0,640,480,0.000700005330145359,640,480,2.310600015334785,7.434600032866001,154,24.938100017607212,1,0.2571999793872237,0,24.602034350198988,28.42588802463714,35.17920000012964,29.78310000617057,0.001700012944638729,2.8183000395074487,0.010699965059757233,0.1908999402076006,0.001100008375942707,0.1490000868216157,0.003999914042651653,37.44029998779297,0.22719998378306627,34.02050002478063,0.09559991303831339
0.0,16.55590010341257,0.0,234.0,0.007300055585801601,1.0,640,480,0.001200009137392044,640,480,2.2537000477313995,7.165500079281628,155,55.891199968755245,1,0.5023999838158488,0,24.63222064089068,15.122964824936027,66.1246000090614,35.88109998963773,0.000400003045797348,1.6566000413149595,0.029199989512562752,0.16329996287822723,0.000700005330145359,0.12640003114938736,0.0017998972907662392,31.40829992480576,0.15580002218484879,29.262900003232062,0.06869994103908539
1.0,16.57940004952252,0.0,236.0,0.008500064723193645,1.0,640,480,0.000800006091594696,640,480,2.26239999756217,7.0303999818861485,156,33.99659995920956,1,0.34879997838288546,0,24.54882720148443,22.717927389883332,44.01810001581907,32.49780007172376,0.0008998904377222061,1.8273000605404377,0.006100046448409557,0.12019998393952847,0.000900006853044033,0.0887999776750803,0.002800021320581436,33.920699963346124,0.29610004276037216,31.564499950036407,0.07099995855242014
0.0,26.54610003810376,0.0,237.0,0.0078000593930482864,1.0,640,480,0.000600004568696022,640,480,2.694200025871396,6.286200019530952,157,24.728600052185357,1,0.3375000087544322,0,24.56990480180197,29.1800408984317,34.269999945536256,33.43640000093728,0.000500003807246685,1.2268999125808477,0.008300063200294971,0.1351999817416072,0.000700005330145359,0.0887999776750803,0.002100015990436077,34.184499992989004,0.148500083014369,32.56379999220371,0.06939994636923075
0.0,28.811999945901334,0.0,238.0,0.010699965059757233,1.0,640,480,0.001400010660290718,640,480,3.100600093603134,12.105099973268807,158,34.215299994684756,1,0.9434999665245414,0,24.597220513894165,19.6793447706081,50.8146999636665,35.04549991339445,0.000400003045797348,1.6231000190600753,0.00600004568696022,0.13289996422827244,0.000700005330145359,0.09059999138116837,0.001900014467537403,32.191700069233775,0.11659995652735233,30.20979999564588,0.08699996396899223
1.0,4.233599989674985,0.0,240.0,0.0067999353632330894,1.0,640,480,0.000500003807246685,640,480,3.195400000549853,5.502999993041158,159,23.999499971978366,1,0.21319999359548092,0,24.486012365347964,30.19989310984614,33.11269998084754,42.05639997962862,0.000600004568696022,1.9543999806046486,0.006299931555986404,0.13770000077784061,0.000800006091594696,0.11180003639310598,0.00200001522898674,32.741099945269525,0.1373999984934926,30.377100105397403,0.07140007801353931
0.0,14.209200046025217,0.0,241.0,0.007300055585801601,1.0,640,480,0.000500003807246685,640,480,2.218900015577674,6.161299999803305,160,24.109199992381036,1,0.21930004004389048,0,24.541486245752125,30.38368509749615,32.91240008547902,33.108699950389564,0.000500003807246685,1.1724999640136957,0.00600004568696022,0.12690003495663404,0.000800006091594696,0.09379989933222532,0.002500019036233425,23.28780002426356,0.14070002362132072,21.73080004286021,0.06869994103908539
0.0,13.287200010381639,0.0,242.0,0.0072999391704797745,1.0,640,480,0.0005998881533741951,640,480,2.2667000303044915,6.006299983710051,161,54.24450000282377,1,0.31100003980100155,0,24.5628257475282,15.821057533362021,63.20689991116524,24.100400041788816,0.000700005330145359,1.505299936980009,0.0068999361246824265,0.13240007683634758,0.000600004568696022,0.09040010627359152,0.00200001522898674,33.972300007008016,0.14080002438277006,32.08180004730821,0.06940006278455257
1.0,8.485300000756979,0.0,244.0,0.005699926987290382,1.0,640,480,0.000600004568696022,640,480,2.2264999570325017,6.303100031800568,162,30.89429996907711,1,0.25859999004751444,0,24.476897155552976,25.073088074107343,39.88339996431023,43.406000011600554,0.000800006091594696,3.2966999569907784,0.0068999361246824265,0.12670003343373537,0.000700005330145359,0.08909997995942831,0.003200024366378784,24.592199944891036,0.14970009215176105,20.905699930153787,0.0697999494150281
0.0,15.497900079935789,0.0,245.0,0.007600057870149612,1.0,640,480,0.000500003807246685,640,480,2.1958999568596482,6.006099982187152,163,16.851100022904575,1,0.2253999700769782,0,24.501183515082108,39.20753721210443,25.505300029180944,22.954999934881926,0.000600004568696022,1.4094000216573477,0.006600050255656242,0.12969993986189365,0.000800006091594696,0.10950001887977123,0.001999898813664913,33.02069997880608,0.13649999164044857,31.214799964800477,0.07049995474517345
0.0,6.669700029306114,0.0,246.0,0.005599926225841045,1.0,640,480,0.000800006091594696,640,480,2.7577000437304378,7.912699948064983,164,11.738399975001812,1,0.3963999915868044,0,24.520810590750617,43.371153175997044,23.056799895130098,34.917799988761544,0.000700005330145359,2.4953000247478485,0.006399932317435741,0.1238000113517046,0.000900006853044033,0.10300008580088615,0.002299901098012924,34.464300028048456,0.12290000449866056,31.597800087183714,0.06850005593150854
0.0,0.07399998139590025,0.0,247.0,3.7547999527305365,1.0,640,480,0.000900006853044033,640,480,2.2717000683769584,8.319399901665747,165,26.269900030456483,1,0.3939999733120203,0,24.5430876305586,24.229971542006115,41.27119993790984,33.427400048822165,0.001100008375942707,1.2251000152900815,0.007400056347250938,0.1346999779343605,0.000900006853044033,0.09900005534291267,0.001800013706088066,33.551700063981116,0.09119999594986439,31.98040009010583,0.0716999638825655
0.0,2.942799939773977,0.0,248.0,0.004899920895695686,1.0,640,480,0.000500003807246685,640,480,2.234000014141202,5.732399993576109,166,24.39279993996024,1,0.3581000491976738,0,24.561361341760016,30.372980251267148,32.9239999409765,34.8544999724254,0.000400003045797348,1.4207999920472503,0.005499925464391708,0.12750003952533007,0.000700005330145359,0.10900001507252455,0.002100015990436077,34.78350001387298,0.12590002734214067,32.98189991619438,0.06910006050020456
0.0,5.543899955227971,0.0,249.0,0.005499925464391708,1.0,640,480,0.00300002284348011,640,480,2.3680999875068665,6.977300043217838,167,54.23260002862662,1,0.3290000604465604,0,24.592730955273485,15.59084632263095,64.14019991643727,34.565099980682135,0.000500003807246685,1.6589999431744218,0.005200039595365524,0.12330000754445791,0.000600004568696022,0.08299993351101875,0.00200001522898674,30.471000005491078,0.10920001659542322,28.47789996303618,0.0692000612616539
1.0,3.7896999856457114,0.0,251.0,0.005599926225841045,1.0,640,480,0.000800006091594696,640,480,3.1355000101029873,7.079200004227459,168,18.12859997153282,1,0.4120999947190285,0,24.515408683374044,34.46350660785599,29.016199987381697,32.12170000188053,0.000700005330145359,1.4902000548318028,0.008500064723193645,0.16169995069503784,0.000900006853044033,0.12119999155402184,0.002100015990436077,34.19639996718615,0.16369996592402458,32.2348999325186,0.07079995702952147
0.0,0.1569000305607915,0.0,252.0,1.7041000537574291,1.0,640,480,0.000800006091594696,640,480,3.066000062972307,6.908500101417303,169,18.15709995571524,1,0.3757999511435628,0,24.53431254907177,32.82088985537657,30.468399985693395,33.97350001614541,0.000600004568696022,1.7864000983536243,0.010599964298307896,0.18829992040991783,0.001300009898841381,0.16090006101876497,0.001600012183189392,34.52240000478923,0.089599983766675,32.267200062051415,0.07399998139590025
0.0,0.16280007548630238,0.0,253.0,4.0935000870376825,1.0,640,480,0.001300009898841381,640,480,3.6568999057635665,7.179599953815341,170,18.5405999654904,1,0.6029000505805016,0,24.557244846995903,29.082956222873523,34.384400001727045,34.225599956698716,0.000600004568696022,1.4654999831691384,0.006300047971308231,0.1346999779343605,0.0007998896762728691,0.10699999984353781,0.001900014467537403,33.1298999954015,0.1078000059351325,31.294899992644787,0.07860001642256975
0.0,0.12140010949224234,0.0,254.0,3.9731001015752554,1.0,640,480,0.00100000761449337,640,480,2.903299988247454,14.633899903856218,171,23.760900017805398,1,0.4783999174833298,0,24.57596255182945,21.670632377178396,46.145400032401085,33.60910003539175,0.001400010660290718,1.5977000584825873,0.006199930794537067,0.11080002877861261,0.000900006853044033,0.11120003182440996,0.003500026650726795,34.471599967218935,0.08809997234493494,32.53920003771782,0.14979997649788857
0.0,2.9510000022128224,0.0,255.0,0.006100046448409557,1.0,640,480,0.001400010660290718,640,480,2.3033999605104327,7.962899981066585,172,18.845299957320094,1,0.7150999736040831,0,24.57942115923643,33.06539341067746,30.243100016377866,34.38209998421371,0.000900006853044033,3.4913000417873263,0.01850002445280552,0.28199993539601564,0.001900014467537403,0.23410003632307053,0.002200016751885414,39.492599898949265,0.3046999918296933,35.13159998692572,0.07059995550662279
0.0,5.142900045029819,0.0,256.0,0.005900044925510883,1.0,640,480,0.001400010660290718,640,480,2.294900012202561,8.126899949274957,173,19.810999976471066,1,0.6306000286713243,0,24.61644844882457,32.105820753751516,31.147000030614436,37.03969996422529,0.000700005330145359,2.386299893260002,0.005300040356814861,0.10189996100962162,0.000800006091594696,0.112100038677454,0.002700020559132099,28.247799957171082,0.12630003038793802,25.500899995677173,0.06829993799328804
0.0,2.9149000765755773,0.0,257.0,0.006400048732757568,1.0,640,480,0.001300009898841381,640,480,2.2755999816581607,8.569799945689738,174,19.089800072833896,1,0.7666000165045261,0,24.637416634481173,32.24922196282446,31.008500023745,29.948400100693107,0.000400003045797348,1.591100008226931,0.005700043402612209,0.1284999307245016,0.000700005330145359,0.1066999975591898,0.00209989957511425,33.55849999934435,0.15199999324977398,31.56130004208535,0.07910002022981644
0.0,2.5305000599473715,0.0,258.0,0.005100038833916187,1.0,640,480,0.00100000761449337,640,480,2.865099930204451,10.085799964144826,175,17.67860003747046,1,0.4189000464975834,0,24.664140577355038,31.924912628393386,31.323499977588654,34.30879989173263,0.000500003807246685,1.3432999840006232,0.004700035788118839,0.12999994214624166,0.000700005330145359,0.0771000050008297,0.001600012183189392,31.562100048176944,0.11559994891285896,29.879200039431453,0.07029995322227478
0.0,0.1666999887675047,0.0,259.0,1.4648999786004424,1.0,640,480,0.001200009137392044,640,480,2.719899988733232,9.436000022105873,176,18.655200023204088,1,0.561599968932569,0,24.679521142779624,30.16709552206093,33.148700022138655,31.889600097201765,0.000700005330145359,1.5453000087291002,0.005899928510189056,0.11500006075948477,0.000900006853044033,0.12280000373721123,0.001500011421740055,35.32860008999705,0.09109999518841505,33.43529999256134,0.09310001041740179
0.0,0.18550001550465822,0.0,260.0,0.8793999440968037,1.0,640,480,0.000600004568696022,640,480,2.2441999753937125,7.783400011248887,177,27.254299959167838,1,0.2927000168710947,0,24.701944193377926,25.81497890485438,38.737199967727065,35.104400012642145,0.000900006853044033,2.1925000473856926,0.0077999429777264595,0.11530006304383278,0.000900006853044033,0.08319993503391743,0.0028999056667089462,32.88850001990795,0.10079995263367891,30.370900058187544,0.1094000181183219
0.0,5.155800026841462,0.0,261.0,0.005800044164061546,1.0,640,480,0.000900006853044033,640,480,3.7010000087320805,6.5255999797955155,178,25.80639999359846,1,0.41669991333037615,0,24.723725736876478,27.25709164243197,36.68769996147603,32.308599911630154,0.001200009137392044,1.9815999548882246,0.007400056347250938,0.13679999392479658,0.00100000761449337,0.13619998935610056,0.002800021320581436,33.03440008312464,0.10369997471570969,30.64969996921718,0.06829993799328804
0.0,9.135599946603179,0.0,262.0,0.006299931555986404,1.0,640,480,0.00100000761449337,640,480,2.2320999996736646,5.896199960261583,179,56.12160009332001,1,0.4227999597787857,0,24.745906603562016,15.339917228319363,65.18939998932183,33.199200057424605,0.000900006853044033,3.1180999940261245,0.01279998105019331,0.2532999496906996,0.001400010660290718,0.19679998513311148,0.002300017513334751,32.85620000679046,0.07680000271648169,29.178099939599633,0.06949994713068008
1.0,9.274199954234064,0.0,264.0,0.008199946023523808,1.0,640,480,0.001300009898841381,640,480,2.294100006110966,8.856400032527745,180,21.533999941311777,1,0.6460000295192003,0,24.67124827395173,29.699853251873105,33.670200034976006,33.68110000155866,0.001600012183189392,2.762200077995658,0.005300040356814861,0.13780000153928995,0.000800006091594696,0.09030010551214218,0.004500034265220165,34.218600019812584,0.1639999682083726,31.037000007927418,0.07319997530430555
0.0,4.262399976141751,0.0,265.0,0.005899928510189056,1.0,640,480,0.000800006091594696,640,480,2.230699989013374,5.1386000122874975,181,31.594099942594767,1,0.2804999239742756,0,24.676114881959524,25.32607321961502,39.48499995749444,32.37210004590452,0.000700005330145359,2.91719997767359,0.012399978004395962,0.38129999302327633,0.001400010660290718,0.11549994815140963,0.002400018274784088,38.82000001613051,0.39499998092651367,34.98050000052899,0.07010006811469793
0.0,17.140200012363493,0.0,266.0,0.008399947546422482,1.0,640,480,0.000700005330145359,640,480,2.2221000399440527,4.574900027364492,182,18.426400027237833,1,0.3276999341323972,0,24.715607299747404,38.79894004463448,25.77389997895807,38.69189997203648,0.000800006091594696,1.392900012433529,0.006600050255656242,0.23189990315586329,0.000600004568696022,0.09290000889450312,0.00200001522898674,26.785199996083975,0.1537000061944127,24.892200017347932,0.07229996845126152
0.0,10.430000023916364,0.0,267.0,0.006400048732757568,1.0,640,480,0.00100000761449337,640,480,2.3187000770121813,6.703000050038099,183,17.04459998290986,1,0.4688999615609646,0,24.738044721353585,37.31357191517502,26.799900108017027,28.79080001730472,0.000600004568696022,1.339099952019751,0.006199930794537067,0.12049998622387648,0.000600004568696022,0.08150003850460052,0.002300017513334751,32.631500042043626,0.13950001448392868,30.93010000884533,0.07149996235966682
0.0,2.2140999790281057,0.0,268.0,0.005199923180043697,1.0,640,480,0.000600004568696022,640,480,2.3427000269293785,5.9174998896196485,184,25.097099947743118,1,0.33459998667240143,0,24.752964832556714,29.465756391743223,33.93769997637719,32.85780001897365,0.000600004568696022,1.5482999151572585,0.005799927748739719,0.13669999316334724,0.000700005330145359,0.13950001448392868,0.00200001522898674,35.196100012399256,0.14220003504306078,33.207800006493926,0.06880005821585655
0.0,2.035000012256205,0.0,269.0,0.004700035788118839,1.0,640,480,0.000900006853044033,640,480,2.2317999973893166,8.53389990516007,185,53.50060004275292,1,0.46220002695918083,0,24.770374880385294,15.389042685636493,64.98130003456026,34.90189998410642,0.000500003807246685,1.4048999873921275,0.005200039595365524,0.1370999962091446,0.000700005330145359,0.07680000271648169,0.001800013706088066,34.28430005442351,0.14169991482049227,32.499800086952746,0.07069995626807213
1.0,1.29360007122159,0.0,271.0,0.004800036549568176,1.0,640,480,0.001600012183189392,640,480,4.626399953849614,10.140600032173097,186,24.813600000925362,1,0.6090999813750386,0,24.6980520211534,24.6756387493566,40.52579996641725,30.760299996472895,0.0005998881533741951,1.4545000158250332,0.004599918611347675,0.1105000264942646,0.000800006091594696,0.08200004231184721,0.001700012944638729,34.97279994189739,0.1295000547543168,33.17869990132749,0.06889994256198406
0.0,0.045199994929134846,0.0,272.0,1.8768999725580215,1.0,640,480,0.000600004568696022,640,480,2.2528000408783555,5.745399976149201,187,18.15669995266944,1,0.25569996796548367,0,24.688470188469058,35.085134039813354,28.502100030891597,35.144499968737364,0.000600004568696022,2.229199977591634,0.013100099749863148,0.2033999189734459,0.001600012183189392,0.21680002100765705,0.001600012183189392,43.88840007595718,0.15330000314861536,41.05100000742823,0.07469998672604561
0.0,2.208499936386943,0.0,273.0,0.004900037311017513,1.0,640,480,0.00100000761449337,640,480,2.8449000092223287,6.605200003832579,188,17.830400029197335,1,0.41720003355294466,0,24.732874741686214,35.75757789393922,27.966100024059415,42.75719996076077,0.000700005330145359,1.5987000660970807,0.0069999368861317635,0.1610000617802143,0.000600004568696022,0.1452999422326684,0.001800013706088066,24.633699911646545,0.12099999003112316,22.58679992519319,0.07020006887614727
0.0,0.7412000559270382,0.0,274.0,0.005400041118264198,1.0,640,480,0.001200009137392044,640,480,2.2505000233650208,7.675800006836653,189,17.741099931299686,2,0.811500009149313,0,24.763162401003566,34.78357652624086,28.74920004978776,25.46580007765442,0.000700005330145359,1.2665000976994634,0.00500003807246685,0.09750004392117262,0.000800006091594696,0.07849989924579859,0.001999898813664913,29.590999940410256,0.09289989247918129,28.03789998870343,0.07579999510198832
0.0,0.15590002294629812,0.0,275.0,7.014399976469576,1.0,640,480,0.001100008375942707,640,480,2.8229999588802457,4.773200023919344,190,17.806400079280138,1,0.49910007510334253,0,24.773906850952525,30.131372810636115,33.18799997214228,30.140999937430024,0.001100008375942707,2.345799934118986,0.01179997343569994,0.2191000385209918,0.001400010660290718,0.16369996592402458,0.00300002284348011,36.521000089123845,0.20769995171576738,33.55000005103648,0.0836000544950366
0.0,0.056699966080486774,0.0,276.0,5.54399995598942,1.0,640,480,0.000700005330145359,640,480,3.201100043952465,6.571700097993016,191,31.724800006486475,2,0.49899995792657137,0,24.79710247739582,20.918926621391773,47.80359996948391,35.13370000291616,0.000700005330145359,1.7390999710187316,0.0072999391704797745,0.1385000068694353,0.000900006853044033,0.10320008732378483,0.002600019797682762,31.982699991203845,0.14030002057552338,29.837100068107247,0.07800001185387373
0.0,8.842500043101609,0.0,277.0,0.007200054824352264,1.0,640,480,0.000900006853044033,640,480,2.255299943499267,6.721399957314134,192,17.926399945281446,2,0.533799990080297,0,24.815503438727525,36.11503358959142,27.689300011843443,32.83679997548461,0.000600004568696022,3.155199927277863,0.0075999414548277855,0.17600005958229303,0.000900006853044033,0.14030002057552338,0.002100015990436077,33.667200012132525,0.06400002166628838,30.108600039966404,0.0735999783501029
0.0,3.83160007186234,0.0,278.0,0.005200039595365524,1.0,640,480,0.000700005330145359,640,480,3.4274000208824873,6.593999918550253,193,17.892800038680434,2,0.5407999269664288,0,24.8360779871963,34.84648381088592,28.69730000384152,32.28709998074919,0.000500003807246685,1.3543999521061778,0.004700035788118839,0.12610002886503935,0.000600004568696022,0.0950999092310667,0.001700012944638729,32.84100000746548,0.1476999605074525,31.101300031878054,0.06829993799328804
0.0,0.037899939343333244,0.0,279.0,1.0985999833792448,1.0,640,480,0.000900006853044033,640,480,2.9839000198990107,6.844600080512464,194,18.375799991190434,2,0.6787000456824899,0,24.853938176143554,33.066705457017626,30.241900007240474,34.65320006944239,0.000800006091594696,1.6433000564575195,0.005199923180043697,0.1023000804707408,0.000800006091594696,0.10089995339512825,0.001600012183189392,33.772599999792874,0.1039999770000577,31.803700025193393,0.07149996235966682
0.0,0.15710003208369017,0.0,280.0,4.413000075146556,1.0,640,480,0.000900006853044033,640,480,2.6682999450713396,7.618900039233267,195,17.436400055885315,1,0.41820004116743803,0,24.871706762023166,30.46096576592586,32.828900031745434,33.57600001618266,0.000600004568696022,1.0248000035062432,0.004600035026669502,0.09829993359744549,0.000800006091594696,0.10050006676465273,0.001800013706088066,33.752900082618,0.10009994730353355,32.41320000961423,0.0754999928176403
0.0,0.17630006186664104,0.0,281.0,4.5131000224500895,1.0,640,480,0.000600004568696022,640,480,3.035999950952828,6.590100005269051,196,25.81250004004687,1,0.27740001678466797,0,24.890899936540297,24.721084377125276,40.451299981214106,34.38909992109984,0.000400003045797348,1.4660999877378345,0.00500003807246685,0.11869997251778841,0.000700005330145359,0.09079999290406704,0.0017998972907662392,33.184099942445755,0.07770000956952572,31.414699973538518,0.0757001107558608
0.0,0.057399971410632133,0.0,282.0,4.800700000487268,1.0,640,480,0.000600004568696022,640,480,2.209699945524335,6.670900038443506,197,54.596200003288686,1,0.26409991551190615,0,24.888528993007608,14.461566942507977,69.14879998657852,32.77789999265224,0.000600004568696022,1.3561999658122659,0.005100038833916187,0.12149999383836985,0.000700005330145359,0.09730004239827394,0.001900014467537403,41.02850006893277,0.08750008419156075,39.34750007465482,0.07720000576227903
1.0,6.904200068674982,0.0,284.0,0.005800044164061546,1.0,640,480,0.000700005330145359,640,480,2.7758999494835734,6.472900044173002,198,30.598600045777857,1,0.3005999606102705,0,24.841088397912632,24.77234214940504,40.36760004237294,25.628099916502833,0.000700005330145359,1.8997000297531486,0.008900067768990993,0.12509990483522415,0.00100000761449337,0.12500002048909664,0.0028999056667089462,31.808799947611988,0.2954999217763543,29.33249995112419,0.07109995931386948
0.0,16.840499942190945,0.0,285.0,0.008299946784973145,1.0,640,480,0.0012998934835195541,640,480,2.242799964733422,7.07180006429553,199,22.196199977770448,1,0.7661000126972795,0,24.867087858476516,30.471082989875086,32.817999948747456,31.28390002530068,0.000500003807246685,1.7106999875977635,0.005500041879713535,0.12290000449866056,0.000700005330145359,0.12159999459981918,0.002300017513334751,30.594600015319884,0.16000005416572094,28.457799926400185,0.0692000612616539
0.0,9.590900037437677,0.0,286.0,0.008499948307871819,1.0,640,480,0.00100000761449337,640,480,2.338699996471405,8.037200081162155,200,11.355700087733567,1,0.5884000565856695,0,24.867004233742577,44.24387237145423,22.601999924518168,30.957599985413253,0.001800013706088066,3.6703000077977777,0.007100054062902927,0.1615999499335885,0.000700005330145359,0.12129999231547117,0.0039000296965241432,40.2339999563992,0.06889994256198406,36.18379996623844,0.07219996768981218
0.0,1.5212999423965812,0.0,287.0,0.009899958968162537,1.0,640,480,0.000500003807246685,640,480,2.7468999614939094,5.686999997124076,201,24.644700111821294,1,0.29450003057718277,0,24.892056566286534,29.76287917932605,33.598899957723916,38.347600027918816,0.000500003807246685,1.3609000016003847,0.03870006185024977,0.13539998326450586,0.00100000761449337,0.07670000195503235,0.001800013706088066,30.83959990181029,0.1647999742999673,29.050199897028506,0.06960006430745125
0.0,4.6440999722108245,0.0,288.0,0.006299931555986404,1.0,640,480,0.000500003807246685,640,480,2.141500008292496,5.863099941052496,202,24.076699977740645,1,0.2589999930933118,0,24.917523801632207,30.722815687739935,32.54909999668598,33.11990003567189,0.000400003045797348,1.4054999919608235,0.004600035026669502,0.13489997945725918,0.000700005330145359,0.09719992522150278,0.001800013706088066,30.635799979791045,0.11719996109604836,28.86439999565482,0.07180008105933666
0.0,3.3008999889716506,0.0,289.0,0.005799927748739719,1.0,640,480,0.001300009898841381,640,480,2.2417999571189284,7.9341999953612685,203,47.77099995408207,1,0.45599997974932194,0,24.93367668750996,17.034991588824575,58.70269995648414,30.649099964648485,0.000600004568696022,1.319300034083426,0.005800044164061546,0.13950001448392868,0.000600004568696022,0.1094999024644494,0.00200001522898674,34.06370000448078,0.10459998156875372,32.37160004209727,0.07160007953643799
0.0,32.504000002518296,0.0,290.0,0.008699949830770493,1.0,640,480,0.001200009137392044,640,480,2.2817000281065702,7.286299951374531,204,32.75059990119189,1,0.8996999822556973,0,24.961451092247525,22.968388622725545,43.53809996973723,34.14620005059987,0.000600004568696022,1.5492999227717519,0.004799920134246349,0.12660003267228603,0.000600004568696022,0.10299996938556433,0.001900014467537403,29.652400058694184,0.08720008190721273,27.767300023697317,0.06880005821585655
1.0,3.3952000085264444,0.0,292.0,0.00600004568696022,1.0,640,480,0.000800006091594696,640,480,2.754800021648407,5.797499907203019,205,11.350900051183999,1,0.40220003575086594,0,24.874933333708338,48.61377798983633,20.570300053805113,40.368499932810664,0.000500003807246685,1.5702999662607908,0.006500049494206905,0.14080002438277006,0.001600012183189392,0.11230004020035267,0.001600012183189392,32.27399999741465,0.1230000052601099,30.308499932289124,0.07109995931386948
0.0,0.08759996853768826,0.0,293.0,6.886499933898449,1.0,640,480,0.000500003807246685,640,480,2.2507000248879194,5.230600014328957,206,36.37690003961325,1,0.22709998302161694,0,24.89927058101951,19.536363031928897,51.18660000152886,32.380999997258186,0.000700005330145359,1.3936000177636743,0.005700043402612209,0.12710003647953272,0.000700005330145359,0.1061001094058156,0.001700012944638729,30.91390000190586,0.09529991075396538,29.17140000499785,0.07509998977184296
0.0,11.122800060547888,0.0,294.0,0.007700058631598949,1.0,640,480,0.001400010660290718,640,480,2.260299981571734,7.230099989101291,207,11.635500006377697,1,0.5955999949947,0,24.91683742661347,45.348594566139035,22.051400039345026,31.139999977312982,0.000500003807246685,1.2172999558970332,0.005700043402612209,0.12620002962648869,0.000600004568696022,0.08359993807971478,0.002100015990436077,33.43179996591061,0.14480005484074354,31.840099953114986,0.07029995322227478
0.0,0.1669999910518527,0.0,295.0,0.8602000307291746,1.0,640,480,0.000600004568696022,640,480,2.646800014190376,5.706100026145577,208,26.595899951644242,1,0.3448999486863613,0,24.93271388580993,27.480076926886316,36.39000002294779,33.59600005205721,0.000500003807246685,1.5411999775096774,0.004900037311017513,0.10659999679774046,0.000800006091594696,0.07399998139590025,0.001700012944638729,34.039200050756335,0.10359997395426035,32.19709999393672,0.07339997682720423
0.0,2.024599933065474,0.0,296.0,0.005399924702942371,1.0,640,480,0.000900006853044033,640,480,3.030999912880361,6.074400036595762,209,53.532399935647845,1,0.4191999323666096,0,24.948957199640912,15.75617013752853,63.46719991415739,33.81179994903505,0.000600004568696022,1.8723000539466739,0.0073999399319291115,0.3350999904796481,0.000700005330145359,0.28250005561858416,0.00200001522898674,33.850899897515774,0.2701999619603157,31.071299919858575,0.06980006583034992
1.0,1.1125999735668302,0.0,298.0,0.006199930794537067,1.0,640,480,0.001200009137392044,640,480,2.2154999896883965,6.960099912248552,210,32.51779999118298,1,0.7419000612571836,0,24.885636760014375,23.396683778906322,42.74109995458275,32.4180000461638,0.000500003807246685,1.4686000067740679,0.004299916326999664,0.08940009865909815,0.000600004568696022,0.08929998148232698,0.001800013706088066,32.89600007701665,0.08939998224377632,31.142499996349216,0.07200008258223534
0.0,6.55609997920692,0.0,299.0,0.004900037311017513,1.0,640,480,0.001200009137392044,640,480,2.219800022430718,8.070399984717369,211,19.03560000937432,1,0.6763000274077058,0,24.892635789283545,33.025753417174585,30.279400059953332,33.170899958349764,0.000800006091594696,1.4157999539747834,0.01109996810555458,0.18370000179857016,0.001600012183189392,0.1705000177025795,0.002300017513334751,37.447000038810074,0.32670004293322563,35.31680000014603,0.06989995017647743
0.0,2.8125999961048365,0.0,300.0,0.006100046448409557,1.0,640,480,0.00100000761449337,640,480,5.871100001968443,7.834100048057735,212,10.695700068026781,1,0.4189000464975834,0,24.907893030087216,39.83016414807972,25.106600020080805,37.0462000137195,0.000400003045797348,1.3012000126764178,0.005599926225841045,0.15840004198253155,0.000600004568696022,0.11849997099488974,0.001700012944638729,34.20549992006272,0.12740003876388073,32.481999951414764,0.0681999372318387
0.0,0.07569999434053898,0.0,301.0,4.1649000486359,1.0,640,480,0.001600012183189392,640,480,2.9070000164210796,10.528899962082505,213,44.87179999705404,1,0.6530000828206539,0,24.927977124010404,15.747361906317186,63.50270006805658,34.649500041268766,0.000600004568696022,1.2262000236660242,0.005200039595365524,0.10740000288933516,0.000700005330145359,0.09719992522150278,0.002100015990436077,32.27690001949668,0.09929994121193886,30.729399994015694,0.07650000043213367
0.0,15.855800011195242,0.0,302.0,0.010199961252510548,1.0,640,480,0.0004998873919248581,640,480,2.2157999919727445,5.696399952284992,214,24.36510007828474,1,0.2283001085743308,0,24.918689244630077,30.56720507774463,32.71479997783899,32.47860004194081,0.002100015990436077,4.710900015197694,0.013899989426136017,0.28689997270703316,0.00200001522898674,0.21490000654011965,0.006399932317435741,43.75040007289499,0.23739994503557682,38.24640007223934,0.07159996312111616
0.0,25.233000051230192,0.0,303.0,0.008200062438845634,1.0,640,480,0.000500003807246685,640,480,2.188700018450618,5.856300005689263,215,48.046299954876304,1,0.23230002261698246,0,24.9609007864028,17.694448701409662,56.51490006130189,39.630599902011454,0.000800006091594696,1.672099926508963,0.006400048732757568,0.1686000032350421,0.000800006091594696,0.13689999468624592,0.003200024366378784,23.466199985705316,0.13340008445084095,21.32940001320094,0.06779993418604136
1.0,18.179800012148917,0.0,305.0,0.00809994526207447,1.0,640,480,0.000500003807246685,640,480,2.220700029283762,6.583100068382919,216,30.553400050848722,1,0.3352999920025468,0,24.90105096700453,25.0455202648011,39.92729994934052,30.941399978473783,0.000500003807246685,1.3676999369636178,0.005500041879713535,0.12370001059025526,0.000900006853044033,0.09440002031624317,0.001800013706088066,33.111699973233044,0.17799995839595795,31.329300021752715,0.07299997378140688
0.0,24.966800003312528,0.0,306.0,0.008299946784973145,1.0,640,480,0.000400003045797348,640,480,10.084799956530333,6.369099952280521,217,10.362599976360798,1,0.24119997397065163,0,24.918200458280158,36.69563183876526,27.25119993556291,33.2160999532789,0.000500003807246685,1.3195999199524522,0.008199946023523808,0.14380004722625017,0.000800006091594696,0.10259996633976698,0.002500019036233425,33.31950004212558,0.15730003360658884,31.572400010190904,0.07049995474517345
0.0,19.83869995456189,0.0,307.0,0.008499948307871819,1.0,640,480,0.0009998911991715431,640,480,4.3490000534802675,7.324800011701882,218,26.87180007342249,1,0.40390004869550467,0,24.937156605529022,25.498950708704353,39.217300014570355,33.359200111590326,0.000400003045797348,1.4367999974638224,0.005500041879713535,0.12119999155402184,0.000900006853044033,0.09300000965595245,0.002600019797682762,32.5544000370428,0.1561000244691968,30.726599972695112,0.07179996464401484
0.0,24.835900054313242,0.0,308.0,0.00970007386058569,1.0,640,480,0.000600004568696022,640,480,2.6727999793365598,6.497700000181794,219,24.9128999421373,1,0.278300023637712,0,24.951303872940343,28.896305651853293,34.606499946676195,32.49099990352988,0.0005998881533741951,1.5783000271767378,0.005900044925510883,0.13209995813667774,0.000700005330145359,0.09400001727044582,0.001800013706088066,34.427199978381395,0.15380000695586205,32.45039994362742,0.09310001041740179
0.0,25.99479991476983,0.0,309.0,0.008599949069321156,1.0,640,480,0.000500003807246685,640,480,2.199999988079071,5.982300033792853,220,24.1383999818936,1,0.21700002253055573,0,24.96736640347631,30.518416313349654,32.76710002683103,34.289600094780326,0.000400003045797348,1.2591000413522124,0.006100046448409557,0.13610010500997305,0.000800006091594696,0.10119995567947626,0.002100015990436077,33.621200011111796,0.1647999742999673,31.939400010742247,0.07269997149705887
0.0,25.780800031498075,0.0,310.0,0.00879995059221983,1.0,640,480,0.000600004568696022,640,480,2.283599926158786,5.9269999619573355,221,52.42610001005232,1,0.22679998073726892,0,24.984519800506472,16.374732495071797,61.06969993561506,33.917399938218296,0.000600004568696022,1.614999957382679,0.007900060154497623,0.16299996059387922,0.000700005330145359,0.11669995728880167,0.002300017513334751,33.13869994599372,0.15780003741383553,31.062599970027804,0.07039995398372412
1.0,19.415799994021654,0.0,312.0,0.008599949069321156,1.0,640,480,0.000500003807246685,640,480,2.239600056782365,6.5206000581383705,222,10.876599932089448,1,0.23769994731992483,0,24.916349782409547,49.76808066991058,20.093200029805303,35.185900051146746,0.0004998873919248581,1.295400084927678,0.005900044925510883,0.12360000982880592,0.000900006853044033,0.09570003021508455,0.002300017513334751,32.788399956189096,0.1550000160932541,31.097700004465878,0.07250008638948202
0.0,7.385500008240342,0.0,313.0,0.007200054824352264,1.0,640,480,0.000500003807246685,640,480,2.2078000474721193,6.676299963146448,223,31.498500029556453,1,0.2517999382689595,0,24.935591268984567,24.484059621390898,40.842900052666664,32.82329998910427,0.000700005330145359,1.6487999819219112,0.006400048732757568,0.14249992091208696,0.000800006091594696,0.14780007768422365,0.002200016751885414,32.285499968566,0.748799997381866,29.57430004607886,0.07029995322227478
0.0,15.99509990774095,0.0,314.0,0.008199946023523808,1.0,640,480,0.000900006853044033,640,480,2.704600105062127,7.30429997202009,224,10.93270001001656,1,0.42040005791932344,0,24.954388731520513,46.20837215686503,21.641099941916764,31.298400019295514,0.000800006091594696,1.839800039306283,0.009199953638017178,0.14270003885030746,0.001400010660290718,0.1550000160932541,0.002200016751885414,32.41579991299659,0.17809995915740728,30.073000001721084,0.08020002860575914
0.0,0.05679996684193611,0.0,315.0,1.2908000499010086,1.0,640,480,0.000500003807246685,640,480,2.2571999579668045,6.269400008022785,225,30.89749999344349,1,0.25319994892925024,1,24.956678875374386,24.285520050156457,41.1767999175936,32.794700004160404,0.000800006091594696,1.7727999947965145,0.004800036549568176,0.10189996100962162,0.000800006091594696,0.09580003097653389,0.001800013706088066,39.122800109907985,0.11749996338039637,37.017300026491284,0.07449998520314693
0.0,14.038900029845536,0.0,316.0,0.0078000593930482864,1.0,640,480,0.001200009137392044,640,480,2.2551999427378178,7.178200059570372,226,11.25440001487732,1,0.4548000870272517,0,24.990735124178087,46.70409209147117,21.411400055512786,39.372800034470856,0.000500003807246685,1.4084998983889818,0.006199930794537067,0.1094000181183219,0.000700005330145359,0.11020002420991659,0.002300017513334751,26.07200003694743,0.14650006778538227,24.277199991047382,0.07029995322227478
0.0,0.4130000015720725,0.0,317.0,0.005100038833916187,1.0,640,480,0.000500003807246685,640,480,2.3116000229492784,6.520500057376921,227,47.212100005708635,1,0.2964999293908477,0,25.00239468437387,17.68377867867286,56.548999971710145,26.391199906356633,0.000800006091594696,1.3777000131085515,0.004900037311017513,0.0996999442577362,0.000900006853044033,0.09720004163682461,0.00200001522898674,35.206599975936115,0.08819997310638428,33.52599998470396,0.07049995474517345
0.0,23.888199939392507,0.0,318.0,0.008299946784973145,1.0,640,480,0.000900006853044033,640,480,2.3651999654248357,8.761800010688603,228,33.87510008178651,1,0.4363000625744462,0,25.018708757452735,21.878965588251287,45.70599994622171,35.34580010455102,0.000500003807246685,1.424300018697977,0.00700005330145359,0.14699995517730713,0.0007998896762728691,0.10040006600320339,0.002100015990436077,33.25579990632832,0.1577000366523862,31.404399895109236,0.07079995702952147
1.0,1.9206999568268657,0.0,320.0,0.004999921657145023,1.0,640,480,0.001300009898841381,640,480,4.548499942757189,8.50600004196167,229,13.121699914336205,1,0.6232999730855227,0,24.951515063527772,36.92025968644773,27.085399953648448,33.967799972742796,0.000500003807246685,1.3417999725788832,0.004699919372797012,0.1023000804707408,0.000800006091594696,0.07800001185387373,0.00200001522898674,33.507600077427924,0.08100003469735384,31.886200071312487,0.06910006050020456
0.0,0.08129992056638002,0.0,321.0,9.897799929603934,1.0,640,480,0.000400003045797348,640,480,3.5733000840991735,5.904500023461878,230,27.058199979364872,1,0.23349991533905268,0,24.953502267503307,21.31096533257842,46.92420002538711,34.00720003992319,0.001200009137392044,2.270599943585694,0.006100046448409557,0.14789996203035116,0.000900006853044033,0.10179996024817228,0.002600019797682762,39.23739993479103,0.1680999994277954,36.52600001078099,0.1194999786093831
0.0,11.465599993243814,0.0,322.0,0.0074999406933784485,1.0,640,480,0.000700005330145359,640,480,2.2350000217556953,6.6170000936836,231,24.998200009576976,1,0.2864999696612358,0,24.98752610239737,29.08938591239349,34.376799943856895,38.26880000997335,0.000700005330145359,1.5355999348685145,0.006700051017105579,0.12689991854131222,0.000700005330145359,0.08620007429271936,0.002400018274784088,25.798600050620735,0.15009997878223658,23.87729997280985,0.08709996473044157
0.0,12.356000021100044,0.0,323.0,0.0074999406933784485,1.0,640,480,0.000600004568696022,640,480,2.2082000505179167,6.147100008092821,232,27.032399899326265,1,0.3098000306636095,0,25.002686595881674,27.848637115091094,35.90839996468276,26.61980001721531,0.000700005330145359,1.6768000787124038,0.006900052540004253,0.13599998783320189,0.000700005330145359,0.08759996853768826,0.001900014467537403,33.64979999605566,0.15580002218484879,31.57140000257641,0.06880005821585655
0.0,12.315399944782257,0.0,324.0,0.007200054824352264,1.0,640,480,0.000600004568696022,640,480,2.227199962362647,9.096800000406802,233,49.370599910616875,1,0.5040999967604876,0,25.011823316879617,16.277498820886148,61.43449991941452,33.511499990709126,0.000500003807246685,1.36009999550879,0.006900052540004253,0.13159995432943106,0.000800006091594696,0.11120003182440996,0.001700012944638729,36.13969997968525,0.13290008064359426,34.38239998649806,0.06850005593150854
1.0,5.249399924650788,0.0,326.0,0.004799920134246349,1.0,640,480,0.000600004568696022,640,480,2.254200051538646,6.576200015842915,234,31.903599970974028,1,0.5166999762877822,0,24.944017216027685,24.116027014266066,41.46620002575219,32.310300040990114,0.000600004568696022,3.2640999415889382,0.006400048732757568,0.3912999527528882,0.000800006091594696,0.34529995173215866,0.002100015990436077,36.21400007978082,0.2797000342980027,31.913500046357512,0.07389998063445091
0.0,17.360699945129454,0.0,327.0,0.008199946023523808,1.0,640,480,0.000500003807246685,640,480,2.2963000228628516,6.2812999822199345,235,18.24259990826249,1,0.2628000220283866,0,24.968737726799436,36.37831997735566,27.488899999298155,33.83089997805655,0.000800006091594696,1.8000999698415399,0.009200070053339005,0.14159991405904293,0.000900006853044033,0.09520002640783787,0.00200001522898674,29.558099922724068,0.19940000493079424,27.297499938867986,0.08140003774315119
0.0,9.79639997240156,0.0,328.0,0.006399932317435741,1.0,640,480,0.000600004568696022,640,480,2.2194000193849206,6.3044000416994095,236,10.610500001348555,1,0.278300023637712,0,24.98002865476824,50.938542631031105,19.63150000665337,31.601399998180568,0.000700005330145359,2.1515999687835574,0.015900004655122757,0.12879993300884962,0.000900006853044033,0.09029998909682035,0.002600019797682762,35.222899983637035,0.1086000120267272,32.710400060750544,0.06960006430745125
0.0,0.16379996668547392,0.0,329.0,1.032999949529767,1.0,640,480,0.000900006853044033,640,480,2.188700018450618,7.230799994431436,237,25.586799951270223,1,0.33930002246052027,0,25.00235204690941,27.30472348898332,36.62369993980974,34.97779997996986,0.000600004568696022,1.644300064072013,0.004699919372797012,0.10200007818639278,0.000800006091594696,0.07810001261532307,0.001900014467537403,30.47390002757311,0.10249996557831764,28.530700015835464,0.0743999844416976
0.0,1.1691999388858676,0.0,330.0,0.004800036549568176,1.0,640,480,0.001200009137392044,640,480,2.378900069743395,7.582499994896352,238,26.245999964885414,1,0.4190000472590327,0,25.014516586442145,27.106662005505477,36.891299998387694,31.074300059117377,0.000600004568696022,1.4498999807983637,0.015099998563528061,0.08889997843652964,0.000600004568696022,0.12660003267228603,0.002200016751885414,34.768100013025105,0.10519998613744974,32.96860004775226,0.06870005745440722
0.0,3.0625000363215804,0.0,331.0,0.006500049494206905,1.0,640,480,0.000600004568696022,640,480,3.5374999279156327,6.2142000533640385,239,49.27780001889914,1,0.2778000198304653,0,25.025631270083466,16.800821219441524,59.52090001665056,34.94110004976392,0.000600004568696022,1.7003999091684818,0.007200054824352264,0.16639998648315668,0.000800006091594696,0.13019994366914034,0.002300017513334751,35.191599978134036,0.09119999594986439,33.08219998143613,0.06969994865357876
1.0,0.060399994254112244,0.0,333.0,0.004399917088449001,1.0,640,480,0.000600004568696022,640,480,2.6934000197798014,5.941399955190718,240,32.162100076675415,1,0.23530004546046257,0,24.970984871586392,24.24301195080651,41.24900000169873,31.51639993302524,0.000700005330145359,2.1831999765709043,0.005599926225841045,0.10160007514059544,0.000800006091594696,0.09689992293715477,0.001800013706088066,31.137699959799647,0.10349997319281101,28.632499976083636,0.07299997378140688
0.0,0.15189999248832464,0.0,334.0,0.4680999554693699,1.0,640,480,0.001200009137392044,640,480,2.29350000154227,7.8292000107467175,241,29.767900006845593,1,0.48779998905956745,0,24.966904571323443,24.287348539838153,41.17369989398867,31.61910001654178,0.000500003807246685,1.2989999959245324,0.004900037311017513,0.10389997623860836,0.000700005330145359,0.10289996862411499,0.001600012183189392,41.80790006648749,0.11429993901401758,40.17090005800128,0.10419997852295637
0.0,12.84860004670918,0.0,335.0,0.00879995059221983,1.0,640,480,0.00100000761449337,640,480,2.386600011959672,8.926099981181324,242,31.97030001319945,1,0.48749998677521944,0,24.9940682735767,22.695962619871825,44.060699990950525,42.708100052550435,0.000700005330145359,1.6048999968916178,0.0066999346017837524,0.13419997412711382,0.000600004568696022,0.10960001964122057,0.002400018274784088,28.19619991350919,0.12890005018562078,26.196599937975407,0.07339997682720423
0.0,24.067600024864078,0.0,336.0,0.010499963536858559,1.0,640,480,0.000600004568696022,640,480,2.228399971500039,6.160199991427362,243,24.4847999420017,1,0.2742999931797385,0,25.009806042550533,29.938954501860067,33.40129996649921,27.850599959492683,0.001300009898841381,1.4659001026302576,0.006100046448409557,0.1281000440940261,0.000800006091594696,0.10029994882643223,0.002800021320581436,33.12450007069856,0.12320000678300858,31.282300013117492,0.1039999770000577
0.0,26.217599981464446,0.0,337.0,0.01009996049106121,1.0,640,480,0.0007998896762728691,640,480,2.2856000578030944,6.766099948436022,244,25.204800069332123,1,0.40330004412680864,0,25.02932838940384,28.636392264488133,34.920600010082126,33.29339995980263,0.000700005330145359,1.2388000031933188,0.007300055585801601,0.14859996736049652,0.000700005330145359,0.10249996557831764,0.00300002284348011,31.42479993402958,0.14519994147121906,29.76529998704791,0.0681999372318387
0.0,29.484900063835084,0.0,338.0,0.007500057108700275,1.0,640,480,0.000500003807246685,640,480,2.563999965786934,6.160099990665913,245,47.379499999806285,1,0.4120999947190285,0,25.047820844043343,17.62602165272498,56.734299985691905,31.616699998266995,0.000600004568696022,1.5681999502703547,0.020400038920342922,0.13339996803551912,0.000700005330145359,0.09520002640783787,0.002400018274784088,31.825700076296926,0.12179999612271786,29.87110009416938,0.06909994408488274
1.0,18.643999937921762,0.0,340.0,0.008599949069321156,1.0,640,480,0.001400010660290718,640,480,4.67620010022074,6.5957000479102135,246,32.43809996638447,1,0.43290003668516874,0,24.98465842377252,22.52059506272752,44.40380004234612,34.04439997393638,0.000500003807246685,1.5387999592348933,0.005899928510189056,0.13209995813667774,0.000800006091594696,0.08650007657706738,0.001900014467537403,33.84539997205138,0.1789000816643238,31.889199977740645,0.06930006202310324
0.0,31.47670009639114,0.0,341.0,0.008600065484642982,1.0,640,480,0.00100000761449337,640,480,2.245499985292554,7.337599992752075,247,25.52969998214394,1,0.4021000349894166,0,25.003263061210447,27.829416778003,35.93320003710687,33.73070002999157,0.000500003807246685,1.4674999983981252,0.005999929271638393,0.12390001211315393,0.000800006091594696,0.1020999625325203,0.002599903382360935,31.76259994506836,0.1466000685468316,29.899899964220822,0.21700002253055573
1.0,0.9933999972417951,0.0,343.0,0.004700035788118839,1.0,640,480,0.000700005330145359,640,480,2.5348999770358205,7.449399912729859,248,24.946699966676533,1,0.340700033120811,0,24.94356697408981,28.15608607415798,35.516300005838275,34.41630001179874,0.000600004568696022,1.3569999719038606,0.004900037311017513,0.10679999832063913,0.000600004568696022,0.07850001566112041,0.001800013706088066,32.396099995821714,0.17849996220320463,30.657999916002154,0.07319997530430555
0.0,1.8869000487029552,0.0,344.0,0.004600035026669502,1.0,640,480,0.000700005330145359,640,480,2.2538999328389764,6.939399987459183,249,25.67610004916787,1,0.408999971114099,0,24.955275048591826,28.146734573010377,35.528099979273975,32.356300042010844,0.000600004568696022,1.526599982753396,0.005199923180043697,0.10289996862411499,0.000800006091594696,0.08470006287097931,0.001800013706088066,34.830300020985305,0.17170002683997154,32.92429994326085,0.06889994256198406
0.0,2.8965999372303486,0.0,345.0,0.005799927748739719,1.0,640,480,0.0008998904377222061,640,480,2.2588999709114432,8.117899997159839,250,26.90439997240901,1,0.3454000689089298,0,24.967206688415256,26.40919464848982,37.86559996660799,34.67139997519553,0.000600004568696022,1.2619000626727939,0.005200039595365524,0.1246000174432993,0.000800006091594696,0.11359993368387222,0.002200016751885414,34.69929995480925,0.10819989256560802,33.07240002322942,0.06970006506890059
0.0,4.578900057822466,0.0,346.0,0.006700051017105579,1.0,640,480,0.00100000761449337,640,480,2.317699952982366,7.860800018534064,251,49.9349000165239,1,0.560099957510829,0,24.97529023879513,16.40460312620109,60.958500020205975,34.98959995340556,0.000500003807246685,1.5727999852970243,0.008800067007541656,0.18119998276233673,0.001200009137392044,0.13830000534653664,0.001800013706088066,36.394900060258806,0.14209991786628962,34.335600095801055,0.0782000133767724
1.0,3.5339000169187784,0.0,348.0,0.005999929271638393,1.0,640,480,0.001300009898841381,640,480,3.4151000436395407,7.373199914582074,252,33.5856000892818,1,0.4963999381288886,0,24.926357419373026,22.14045020352783,45.16619991045445,29.24239996355027,0.00100000761449337,2.1849999902769923,0.005300040356814861,0.14429993461817503,0.000900006853044033,0.10990002192556858,0.0027999049052596092,32.397700008004904,0.12260000221431255,29.81430001091212,0.07589999586343765
0.0,14.482900034636259,0.0,349.0,0.008400063961744308,1.0,640,480,0.001300009898841381,640,480,3.5203000297769904,8.554700063541532,253,12.867199955508113,1,0.49709994345903397,0,24.93886848833207,38.85713392374672,25.73530003428459,32.486199983395636,0.001200009137392044,1.8752999603748322,0.007200054824352264,0.13489997945725918,0.000700005330145359,0.09549991227686405,0.003400025889277458,34.408300067298114,0.14839996583759785,32.12740004528314,0.07259997073560953
0.0,3.8668999914079905,0.0,350.0,0.005900044925510883,1.0,640,480,0.000900006853044033,640,480,2.215399988926947,6.958000012673438,254,26.189600001089275,1,0.4600000102072954,0,24.94665303164838,27.646457117842818,36.170999985188246,34.70259997993708,0.000500003807246685,1.4826999977231026,0.004800036549568176,0.12959993910044432,0.000600004568696022,0.08640007581561804,0.002200016751885414,36.52429999783635,0.12039998546242714,34.68760009855032,0.07129996083676815
0.0,9.432299993932247,0.0,351.0,0.007500057108700275,1.0,640,480,0.000800006091594696,640,480,2.3991999914869666,7.7043999917805195,255,25.226800004020333,1,0.3282000543549657,0,24.96696213860981,27.852903216945,35.902900039218366,37.00800007209182,0.001200009137392044,2.536599989980459,0.006199930794537067,0.13609998859465122,0.000600004568696022,0.19290007185190916,0.002700020559132099,30.78169992659241,0.18890004139393568,27.701199986040592,0.07849989924579859
0.0,14.020000002346933,0.0,352.0,0.008200062438845634,1.0,640,480,0.000600004568696022,640,480,2.3334999568760395,5.857600015588105,256,24.441599962301552,1,0.2618000144138932,0,24.985597244448442,30.214310122589218,33.096899976953864,29.485999955795705,0.000500003807246685,1.2076999992132187,0.005300040356814861,0.12500002048909664,0.000700005330145359,0.08169992361217737,0.00200001522898674,31.490899971686304,0.1357999863103032,29.920700006186962,0.0697999494150281
0.0,12.781099998392165,0.0,353.0,0.007999944500625134,1.0,640,480,0.000500003807246685,640,480,2.280800021253526,6.198699935339391,257,51.54340004082769,1,0.27050008065998554,0,24.997522022573175,16.525402020835042,60.51290000323206,33.06609997525811,0.000500003807246685,1.3945999089628458,0.0066999346017837524,0.13840000610798597,0.000600004568696022,0.089599983766675,0.002400018274784088,34.52990006189793,0.12910005170851946,32.75720006786287,0.07800001185387373
0.0,38.426200044341385,0.0,354.0,0.007899943739175797,1.0,640,480,0.000500003807246685,640,480,3.4929999383166432,6.989100016653538,258,31.328200013376772,1,0.3977998858317733,0,25.008238391048483,23.540600504683077,42.479799943976104,34.34700006619096,0.000800006091594696,2.3868000134825706,0.006299931555986404,0.1425000373274088,0.000700005330145359,0.1379000023007393,0.002800021320581436,35.05579999182373,0.1249000197276473,32.238799962215126,0.07670000195503235
1.0,17.07529998384416,0.0,356.0,0.0076999422162771225,1.0,640,480,0.002700020559132099,640,480,2.25060002412647,7.141200010664761,259,19.701599958352745,1,0.43130002450197935,0,24.956268888128363,33.186207819820346,30.1329999929294,43.66879991721362,0.000500003807246685,1.5047999331727624,0.014199991710484028,0.12119999155402184,0.000800006091594696,0.09459990542382002,0.002200016751885414,21.420600009150803,0.14730007387697697,19.524300005286932,0.08180004078894854
0.0,9.697700035758317,0.0,357.0,0.00600004568696022,1.0,640,480,0.000800006091594696,640,480,2.245799987576902,8.146400097757578,260,10.834600077942014,1,0.3795000957325101,0,24.961365186257446,45.76868504143997,21.84900001157075,21.364300046116114,0.001500011421740055,4.033899982459843,0.006400048732757568,0.1273999223485589,0.00100000761449337,0.09119999594986439,0.0035999109968543053,37.68569999374449,0.2305000089108944,33.17650000099093,0.06820005364716053
0.0,1.1120999697595835,0.0,358.0,0.004800036549568176,1.0,640,480,0.000700005330145359,640,480,2.291399985551834,7.401600014418364,261,26.292400085367262,1,0.3117000451311469,0,24.981507460387324,27.38278110243081,36.519300076179206,35.08239996153861,0.000500003807246685,1.5646000392735004,0.005199923180043697,0.1132000470533967,0.000900006853044033,0.08369993884116411,0.002300017513334751,30.639000004157424,0.18159998580813408,28.675299952737987,0.06909994408488274
0.0,5.145799950696528,0.0,359.0,0.006499933078885078,1.0,640,480,0.0004998873919248581,640,480,3.9314000168815255,6.202300079166889,262,24.382400093600154,1,0.21220010239630938,0,24.997177544539127,28.617216153715987,34.94399995543063,33.228700049221516,0.000600004568696022,1.4831000007689,0.006500049494206905,0.15029998030513525,0.000900006853044033,0.12780004180967808,0.002100015990436077,32.69130003172904,0.18910004291683435,30.719000031240284,0.07040007039904594
0.0,6.478300085291266,0.0,360.0,0.006100046448409557,1.0,640,480,0.000600004568696022,640,480,2.212999970652163,5.724500049836934,263,45.94760003965348,1,0.21389999892562628,0,25.010401296680165,18.407900660834095,54.32450002990663,32.66219992656261,0.000700005330145359,1.3960000360384583,0.005300040356814861,0.11969998013228178,0.000700005330145359,0.08899997919797897,0.002199900336563587,33.794699935242534,0.13289996422827244,32.03849995043129,0.07029995322227478
0.0,28.858899953775108,0.0,361.0,0.00809994526207447,1.0,640,480,0.000500003807246685,640,480,2.2959000198170543,6.022299989126623,264,30.168899917043746,1,0.23100001271814108,0,25.027115474861308,25.689968320259577,38.9257000060752,34.05310004018247,0.000500003807246685,1.388499978929758,0.006100046448409557,0.16679998952895403,0.000800006091594696,0.10629999451339245,0.002100015990436077,32.12010010611266,0.11869997251778841,30.319300014525652,0.07010006811469793
1.0,1.8863999284803867,0.0,363.0,0.004699919372797012,1.0,640,480,0.000900006853044033,640,480,3.6177000729367137,6.747500039637089,265,17.273599980399013,1,0.45119994319975376,0,24.97174616205584,35.276479385149365,28.34750001784414,35.01340001821518,0.000500003807246685,1.2375999940559268,0.004800036549568176,0.09979994501918554,0.000800006091594696,0.07539999205619097,0.00200001522898674,31.039100023917854,0.1210999907925725,29.487099964171648,0.06900005973875523
0.0,0.04980002995580435,0.0,364.0,4.941600025631487,1.0,640,480,0.001200009137392044,640,480,2.9154999647289515,9.015999967232347,266,18.841200042515993,1,0.4789000377058983,0,24.981358926700892,27.399812570457968,36.49660001974553,31.311300001107156,0.000600004568696022,1.7297000158578157,0.006800051778554916,0.12910005170851946,0.000800006091594696,0.09949994273483753,0.002100015990436077,35.47420003451407,0.11739996261894703,33.37730001658201,0.0814999220892787
0.0,0.08290004916489124,0.0,365.0,3.1340999994426966,1.0,640,480,0.000800006091594696,640,480,2.254099934361875,7.801900035701692,267,17.60480005759746,1,0.49590005073696375,0,24.99221244339143,31.665310382067883,31.58029995393008,34.945899969898164,0.000700005330145359,1.3271999778226018,0.005300040356814861,0.10369997471570969,0.00100000761449337,0.09809993207454681,0.001700012944638729,34.84710003249347,0.10109995491802692,33.19830005057156,0.07569999434053898
0.0,0.08659996092319489,0.0,366.0,3.4142000367864966,1.0,640,480,0.00100000761449337,640,480,2.2820000303909183,6.742700003087521,268,18.875300069339573,1,0.30559999868273735,0,25.008867237736254,31.349731287326993,31.898200046271086,35.31710000243038,0.000500003807246685,1.370099955238402,0.005299923941493034,0.11920009274035692,0.000700005330145359,0.11799996718764305,0.005500041879713535,32.056699972599745,0.09990006219595671,30.32829996664077,0.07599999662488699
0.0,0.1821999903768301,0.0,367.0,4.795900080353022,1.0,640,480,0.001400010660290718,640,480,5.832099937833846,14.043399947695434,269,23.09339994098991,1,0.7700999267399311,0,25.022676695965064,20.423126348626095,48.96409995853901,31.962000066414475,0.001200009137392044,1.5885999891906977,0.00600004568696022,0.09480002336204052,0.000800006091594696,0.09729992598295212,0.002500019036233425,33.3715999731794,0.11550006456673145,31.45450004376471,0.11230004020035267
0.0,0.11140003334730864,0.0,368.0,0.8529999759048223,1.0,640,480,0.00100000761449337,640,480,2.3006999399513006,6.915500038303435,270,24.22259992454201,1,0.4895000020042062,0,25.01080341654447,28.231441370205133,35.421499982476234,33.22629991453141,0.001100008375942707,2.9416000470519066,0.013199984095990658,0.2652000403031707,0.001700012944638729,0.23020000662654638,0.003700028173625469,45.637000002898276,0.28229993768036366,41.87800001818687,0.14620006550103426
0.0,9.517600061371922,0.0,369.0,0.006600050255656242,1.0,640,480,0.000500003807246685,640,480,3.0098999850451946,7.151500089094043,271,17.963899997994304,1,0.2324000233784318,0,25.04120942810452,34.294964097510466,29.158800025470555,43.72499999590218,0.0017998972907662392,2.4522000458091497,0.005799927748739719,0.12159999459981918,0.000700005330145359,0.0790000194683671,0.004700035788118839,25.336000020615757,0.7775999838486314,21.875499980524182,0.07039995398372412
0.0,8.512699976563454,0.0,370.0,0.005799927748739719,1.0,640,480,0.00100000761449337,640,480,2.265899907797575,6.95760000962764,272,18.67249992210418,1,0.40989997796714306,0,25.061102619426443,34.98827900835538,28.580999933183193,25.767200044356287,0.000600004568696022,1.2893000384792686,0.009300070814788342,0.1873000292107463,0.001800013706088066,0.14020001981407404,0.002500019036233425,30.33430001232773,0.7425999501720071,27.94599998742342,0.07160007953643799
0.0,3.2571000047028065,0.0,371.0,0.005199923180043697,1.0,640,480,0.00100000761449337,640,480,2.234199899248779,9.68380004633218,273,17.886399989947677,1,0.44260011054575443,0,25.07327997070432,32.763467502025755,30.521799926646054,31.423800042830408,0.000500003807246685,1.2245000107213855,0.005300040356814861,0.12620002962648869,0.000800006091594696,0.10989990551024675,0.0017998972907662392,34.0174000011757,0.12260000221431255,32.41640003398061,0.0692000612616539
0.0,2.20889993943274,0.0,372.0,0.00500003807246685,1.0,640,480,0.001300009898841381,640,480,2.298399922437966,7.6425999868661165,274,19.556300016120076,1,0.4715999821200967,0,25.090042094678715,33.06714282893686,30.241500004194677,34.8237999714911,0.000600004568696022,1.5534000704064965,0.00700005330145359,0.1268000341951847,0.000700005330145359,0.11990009807050228,0.001800013706088066,31.770800007507205,0.14029990416020155,29.80990009382367,0.06969994865357876
0.0,0.19779999274760485,0.0,373.0,0.9764999849721789,1.0,640,480,0.000800006091594696,640,480,2.2673000348731875,7.577399956062436,275,45.61569995712489,1,0.399199896492064,0,25.10333499761144,17.508106257852464,57.116399984806776,31.41870000399649,0.000700005330145359,1.4301000628620386,0.005299923941493034,0.10100007057189941,0.000500003807246685,0.09099999442696571,0.001700012944638729,33.407899900339544,0.08759996853768826,31.679899897426367,0.08450006134808064
0.0,23.4997000079602,0.0,374.0,0.007700058631598949,1.0,640,480,0.000500003807246685,640,480,2.1527999779209495,6.317200022749603,276,31.2930999789387,1,0.22659997921437025,0,25.117313243199632,24.875374343569998,40.20040004979819,33.65610004402697,0.000600004568696022,1.5991999534890056,0.006500049494206905,0.1324999611824751,0.000800006091594696,0.09769992902874947,0.002200016751885414,33.034900086931884,0.15590002294629812,31.027100048959255,0.07609999738633633
1.0,1.4399000210687518,0.0,376.0,0.004800036549568176,1.0,640,480,0.000900006853044033,640,480,2.6270999806001782,7.497500046156347,277,10.868300101719797,1,0.4154000198468566,0,25.070884864487763,45.7856588768784,21.840900066308677,32.70670003257692,0.000800006091594696,1.2370001059025526,0.004900037311017513,0.10159995872527361,0.000800006091594696,0.07670000195503235,0.003100023604929447,29.886499978601933,0.11449994053691626,28.337499941699207,0.06910006050020456
0.0,0.06450002547353506,0.0,377.0,12.586100026965141,1.0,640,480,0.000800006091594696,640,480,2.2461999906226993,8.013900020159781,278,28.834500000812113,1,0.32160000409930944,0,25.078800154828556,19.13545991410069,52.25900001823902,30.217699939385056,0.000800006091594696,1.9975999603047967,0.0066999346017837524,0.1404000213369727,0.000800006091594696,0.11070002801716328,0.002800021320581436,35.99600004963577,0.1398000167682767,33.58319995459169,0.08929998148232698
0.0,4.80039999820292,0.0,378.0,0.005600042641162872,1.0,640,480,0.000500003807246685,640,480,2.2920999908819795,6.0897000366821885,279,24.079900002107024,1,0.2973999362438917,0,25.088411888045915,30.31901665877466,32.98260003793985,35.12310003861785,0.001300009898841381,1.8605999648571014,0.008299946784973145,0.1724000321701169,0.001300009898841381,0.13139995280653238,0.002800021320581436,35.127799957990646,0.23870007134974003,32.69639995414764,0.06980006583034992
0.0,5.61390002258122,0.0,379.0,0.0065999338403344154,1.0,640,480,0.000500003807246685,640,480,2.675000112503767,6.21100002899766,280,24.63909995276481,1,0.24009996559470892,0,25.103572074742363,29.39257315261515,34.02219992130995,35.11439997237176,0.000500003807246685,1.5411999775096774,0.007300055585801601,0.11939997784793377,0.000800006091594696,0.13349996879696846,0.001700012944638729,32.38300001248717,0.125400023534894,30.44280002359301,0.06980006583034992
0.0,7.26280000526458,0.0,380.0,0.007899943739175797,1.0,640,480,0.001300009898841381,640,480,2.5094999000430107,8.567100041545928,281,56.560799945145845,1,0.4456000169739127,0,25.118280448079336,14.630363864569631,68.35099996533245,32.90310001466423,0.002900022082030773,1.2670999858528376,0.004499917849898338,0.12770004104822874,0.000600004568696022,0.11520006228238344,0.002299901098012924,32.56889991462231,0.09720004163682461,30.9422001009807,0.07180008105933666
1.0,5.437400075607002,0.0,382.0,0.006400048732757568,1.0,640,480,0.000800006091594696,640,480,2.6362999342381954,6.561500020325184,282,17.87969993893057,1,0.34559995401650667,0,25.056593971541936,36.13617555759164,27.673100004903972,33.811300061643124,0.001500011421740055,1.9585000118240714,0.011600088328123093,0.27909991331398487,0.001300009898841381,0.16659998800605536,0.004199915565550327,36.42120002768934,0.20460004452615976,33.777100034058094,0.07389998063445091
0.0,3.603600081987679,0.0,383.0,0.005500041879713535,1.0,640,480,0.00100000761449337,640,480,4.043000051751733,6.548099918290973,283,19.816000014543533,1,0.3972999984398484,0,25.077050238329452,32.16230388806313,31.092299963347614,35.76389991212636,0.000400003045797348,1.3910999987274408,0.004799920134246349,0.12740003876388073,0.000700005330145359,0.10990002192556858,0.001999898813664913,29.68989999499172,0.11730007827281952,27.92689995840192,0.06929994560778141
0.0,0.1564000267535448,0.0,384.0,1.5292000025510788,1.0,640,480,0.001100008375942707,640,480,2.278600004501641,8.571399957872927,284,23.014900041744113,1,0.480300048366189,0,25.08408300441131,27.626675251005775,36.19689994957298,30.605000094510615,0.000700005330145359,1.7368999542668462,0.026799971237778664,0.11030002497136593,0.000700005330145359,0.08779997006058693,0.001700012944638729,36.355000105686486,0.11100003030151129,34.26860005129129,0.07730000652372837
0.0,1.4942999696359038,0.0,385.0,0.004600035026669502,1.0,640,480,0.001200009137392044,640,480,2.6085999561473727,7.45979999192059,285,17.585900030098855,1,0.5991999059915543,0,25.096654186377943,35.05303524625447,28.52819999679923,35.97079997416586,0.000500003807246685,1.3720999704673886,0.004699919372797012,0.11090002954006195,0.000700005330145359,0.08929998148232698,0.002300017513334751,33.55870000086725,0.1151000615209341,31.852600048296154,0.06869994103908539
0.0,0.16550009604543447,0.0,386.0,1.9071000861003995,1.0,640,480,0.00100000761449337,640,480,2.3441999219357967,6.257000030018389,286,17.70239998586476,1,0.4021000349894166,0,25.11235873264882,34.62328136824253,28.88230001553893,34.03229999821633,0.000800006091594696,1.3653000351041555,0.005999929271638393,0.0887999776750803,0.000700005330145359,0.0909001100808382,0.0017998972907662392,31.96099994238466,0.0950000248849392,30.304100015200675,0.0782000133767724
0.0,0.04279997665435076,0.0,387.0,5.787500063888729,1.0,640,480,0.000700005330145359,640,480,2.7038000989705324,5.927500082179904,287,41.66560003068298,1,0.33660000190138817,0,25.12571496909339,17.65832902544256,56.630499893799424,32.032900024205446,0.00100000761449337,1.892999978736043,0.004499917849898338,0.13260007835924625,0.000700005330145359,0.09089999366551638,0.002100015990436077,33.093799953348935,0.2506000455468893,30.708399950526655,0.07569999434053898
0.0,20.260500023141503,0.0,388.0,0.0075999414548277855,1.0,640,480,0.000900006853044033,640,480,2.2437000880017877,7.0411000633612275,288,31.676199985668063,1,0.5238000303506851,1,25.14347773717245,23.950030654739187,41.75360000226647,32.250499934889376,0.0005998881533741951,1.2450000504031777,0.006299931555986404,0.12880004942417145,0.000800006091594696,0.08649996016174555,0.002100015990436077,30.84250004030764,0.1561000244691968,29.204300022684038,0.07109995931386948
0.0,27.837099973112345,0.0,389.0,0.0073999399319291115,1.0,640,480,0.000800006091594696,640,480,2.2560000652447343,6.511000101454556,289,17.627299996092916,1,0.5157999694347382,0,25.15417915030416,36.82617307752344,27.154600014910102,31.695200013928115,0.000500003807246685,1.5746999997645617,0.0067999353632330894,0.12560002505779266,0.000800006091594696,0.0934000127017498,0.002700020559132099,34.36400007922202,0.13810000382363796,32.4096999829635,0.07020006887614727
0.0,20.569899934343994,0.0,390.0,0.008599949069321156,1.0,640,480,0.000500003807246685,640,480,2.264700015075505,5.585300037637353,290,10.594099992886186,1,0.228599994443357,0,25.164285232602676,53.00653041724849,18.865599995478988,34.068200038746,0.000900006853044033,1.8164999783039093,0.004700035788118839,0.15249999705702066,0.0006998889148235321,0.08480006363242865,0.002300017513334751,34.63380003813654,0.11370005086064339,32.44670003186911,0.07040007039904594
0.0,5.562499980442226,0.0,391.0,0.005200039595365524,1.0,640,480,0.000900006853044033,640,480,2.2206000285223126,5.167499999515712,291,24.719899985939264,1,0.3383000148460269,0,25.175486473394912,30.370120585782498,32.92710008099675,34.41299998667091,0.000700005330145359,1.573299989104271,0.005199923180043697,0.13449997641146183,0.000900006853044033,0.11600006837397814,0.00200001522898674,34.052700037136674,0.264400034211576,31.930699944496155,0.06830005440860987
0.0,6.769299972802401,0.0,392.0,0.004699919372797012,1.0,640,480,0.000500003807246685,640,480,2.236899919807911,5.031700013205409,292,23.947800043970346,1,0.25400007143616676,0,25.190886090687403,31.574128209352164,31.671499949879944,34.128000028431416,0.000600004568696022,2.852099947631359,0.007200054824352264,0.13910001143813133,0.000800006091594696,0.12209999840706587,0.002600019797682762,31.892300001345575,0.1330999657511711,28.623900027014315,0.06870005745440722
0.0,4.981699981726706,0.0,393.0,0.004900037311017513,1.0,640,480,0.001300009898841381,640,480,2.2199000231921673,5.768300034105778,293,55.08720001671463,1,0.6540999747812748,0,25.202792356906354,15.628125617312252,63.98720003198832,30.77610000036657,0.000500003807246685,1.6212000045925379,0.004900037311017513,0.12869993224740028,0.000700005330145359,0.07970002479851246,0.001900014467537403,33.62690005451441,0.11819996871054173,31.66209999471903,0.0673000467941165
1.0,1.5935000265017152,0.0,395.0,0.004899920895695686,1.0,640,480,0.00100000761449337,640,480,2.193099935539067,5.146500072441995,294,31.810299959033728,1,0.6642999360337853,0,25.14820617961894,24.950099832819117,40.07999994792044,33.20910001639277,0.000500003807246685,1.7501000547781587,0.004500034265220165,0.10829989332705736,0.000700005330145359,0.08810008876025677,0.0018998980522155762,34.541099914349616,0.11999998241662979,32.45889989193529,0.06830005440860987
0.0,10.00509993173182,0.0,396.0,0.0073999399319291115,1.0,640,480,0.001100008375942707,640,480,3.1566000543534756,6.377500016242266,295,11.810499941930175,1,0.4981999518349767,0,25.163575434844383,45.1665062892946,22.140300017781556,34.27339997142553,0.000600004568696022,2.066300017759204,0.00600004568696022,0.13139995280653238,0.000800006091594696,0.08270004764199257,0.002400018274784088,31.85900009702891,0.1580999232828617,29.3965000892058,0.0692000612616539
0.0,0.042599975131452084,0.0,397.0,2.8888999950140715,1.0,640,480,0.001300009898841381,640,480,2.294100006110966,8.239200105890632,296,27.348700095899403,1,0.8290000259876251,0,25.17239169600319,23.82495334558783,41.972799925133586,31.475799973122776,0.000600004568696022,2.2782000014558434,0.005900044925510883,0.1086000120267272,0.000800006091594696,0.09579991456121206,0.001800013706088066,35.188699956052005,0.07770000956952572,32.609199988655746,0.07589999586343765
0.0,2.994899987243116,0.0,398.0,0.008400063961744308,1.0,640,480,0.000600004568696022,640,480,2.2631000028923154,6.64189993403852,297,25.3098999382928,1,0.295699923299253,0,25.178575000561676,28.74694920092946,34.78630003519356,35.09640006814152,0.000700005330145359,1.3647000305354595,0.014999997802078724,0.12780004180967808,0.000900006853044033,0.11209992226213217,0.001800013706088066,36.51949996128678,0.14969997573643923,34.73670000676066,0.07260008715093136
0.0,6.512799998745322,0.0,399.0,0.005899928510189056,1.0,640,480,0.000500003807246685,640,480,3.598500043153763,5.938599933870137,298,24.56639998126775,1,0.24800002574920654,0,25.19453135490653,28.924556048121563,34.572700038552284,37.332899984903634,0.000600004568696022,1.7701000906527042,0.006200047209858894,0.12049998622387648,0.000900006853044033,0.1086000120267272,0.002199900336563587,31.453799922019243,0.1841000048443675,29.248399892821908,0.0697999494150281
0.0,9.392400039359927,0.0,400.0,0.006500049494206905,1.0,640,480,0.000700005330145359,640,480,2.2364999167621136,6.453300011344254,299,54.014199995435774,1,0.3524000057950616,0,25.20957566949369,15.79908618125403,63.294799998402596,30.638900003395975,0.00100000761449337,2.8494999278336763,0.005699926987290382,0.13749999925494194,0.000700005330145359,0.09590003173798323,0.002100015990436077,31.88710007816553,0.21730002481490374,28.56530004646629,0.07219996768981218
